Princeton University,https://www.facebook.com/PrincetonU/,https://m.facebook.com/story.php?story_fbid=10156236609510774&id=18058830773/,https://it-it.facebook.com/PrincetonUniversityGleeClub/
Harvard University,https://www.facebook.com/pages/,https://www.facebook.com/HarvardMed/,https://www.facebook.com/Harvard-Secrets-309856452458293/,https://www.facebook.com/Harvard/,https://www.facebook.com/harvardanthropology/
Columbia University,https://www.facebook.com/UrbanistLive/,https://www.facebook.com/columbia/,https://www.facebook.com/columbiaclassconfessions/,https://www.facebook.com/columbiasecrets/,https://www.facebook.com/columbiaconfessionz/
Massachusetts Institute of Technology,https://www.facebook.com/beaverconfessions/,https://ko-kr.facebook.com/MITOCW/,https://www.facebook.com/MITOCW/,https://www.facebook.com/permalink.php?id=17043549797&story_fbid=10157803727589798/,https://www.facebook.com/MITnews/
Yale University,https://zh-cn.facebook.com/199675383470/,https://www.facebook.com/yalelibrary/,https://www.facebook.com/pages/,https://www.facebook.com/199675383470/,https://www.facebook.com/piersoncollege/
Stanford University,https://www.facebook.com/pages/,https://www.facebook.com/stanford.engineering/,https://www.facebook.com/events/,https://www.facebook.com/stanford/
University of Chicago,
University of Pennsylvania,https://ps-af.facebook.com/events/,https://www.facebook.com/FIGS-French-and-Italian-Graduate-Society-University-of-Pennsylvania-538337086609353/,https://www.facebook.com/pennsecrets/,https://zh-cn.facebook.com/events/,https://www.facebook.com/UnivPennsylvania/
Northwestern University,
Duke University,https://www.facebook.com/mfaeda/,https://www.facebook.com/DukeMagazine/,https://www.facebook.com/dukelibraries/,https://www.facebook.com/dukealumni/,https://www.facebook.com/events/
Johns Hopkins University,https://www.facebook.com/Johns.Hopkins.Medicine/,https://www.facebook.com/jhuengineering/,https://www.facebook.com/johnshopkinsuniversity/,https://www.facebook.com/JohnsHopkinsSPH/
California Institute of Technology,https://www.facebook.com/events/,https://www.facebook.com/1799433487014849/,https://www.facebook.com/caltechconfessions/,https://es-la.facebook.com/caltechconfessions/
Darthmouth College,https://www.facebook.com/PodcastSecretsofthePharaohs/,https://www.facebook.com/DartmouthAlumniMagazine/,https://www.facebook.com/DartmouthJacko/,https://pl-pl.facebook.com/pages/,https://en-gb.facebook.com/dgaf1769/
Brown University,
University of Notre Dame,https://www.facebook.com/notredamesecretfiles/,https://www.facebook.com/secretsofND/,https://www.facebook.com/NDSecrets/,https://www.facebook.com/notredame/
Vanderbilt University,https://www.facebook.com/VandySecrets/
Cornell University,https://www.facebook.com/CornellPress/,https://www.facebook.com/Cornell/,https://www.facebook.com/pages/,https://www.facebook.com/BigRedConfessions/,https://www.facebook.com/cornellsun/
Rice University,https://www.facebook.com/TheRiceThresher/,https://www.facebook.com/RiceSocSci/,https://it-it.facebook.com/RiceUniversity/,https://www.facebook.com/HumansOfRiceUniversity/,https://www.facebook.com/RiceUniversity/
Washington University in St. Louis,https://www.facebook.com/wustl/,https://es-la.facebook.com/wustl/
University of California Los Angeles,https://www.facebook.com/esotouricbusadventures/,https://www.facebook.com/universityofcalifornia/,https://www.facebook.com/uclasecrets/,https://www.facebook.com/AskMsSun/
Emory University,https://www.facebook.com/CandlerTheology/,https://www.facebook.com/EmoryUniversity/,https://www.facebook.com/EmoryMedicine/,https://www.facebook.com/swsemory/,https://www.facebook.com/EmoryHealthcare/
University of Californai Berkely,https://www.facebook.com/BerkeleySecrets/,https://www.facebook.com/berkeleyconfessions/
University of SOuthern California,https://www.facebook.com/TrojanSecrets/,https://www.facebook.com/usc/,https://www.facebook.com/permalink.php?story_fbid=10154455451634559&id=111403224558/
Georgetown University,https://www.facebook.com/georgetownuniv/,https://www.facebook.com/georgetownlaw/,https://www.facebook.com/events/,https://business.facebook.com/georgetownuniv/,https://m.facebook.com/story.php?story_fbid=298108034341896&id=8825331245/
Carnegie Mellon University,https://www.facebook.com/cmuscience/,https://www.facebook.com/CMUDietrich/,https://www.facebook.com/carnegiemellonu/,https://www.facebook.com/permalink.php?id=235869546541378&story_fbid=314328998695432/,https://www.facebook.com/carnegiemellonalumni/
University of Michigan Ann Arbor,https://www.facebook.com/VSPinkMichigan/,https://www.facebook.com/basementarts/,https://business.facebook.com/VSPinkMichigan/,https://m.facebook.com/VSPinkMichigan/
Wake Forest University,https://www.facebook.com/elwj94/,https://www.facebook.com/wfuniversity/,https://www.facebook.com/pages/,https://www.facebook.com/forkliftdanceworks/,https://www.facebook.com/143772228992948/
University of Virginia,https://www.facebook.com/UniversityofVirginia/,https://www.facebook.com/uvapress/,https://www.facebook.com/jojojochao/,https://www.facebook.com/RhapsodyBalletEnsemble/
Georgia Institute of Technology,https://www.facebook.com/gtlorraine/,https://www.facebook.com/pages/,https://sv-se.facebook.com/GTadmission/,https://www.facebook.com/skyatgt/,https://www.facebook.com/georgiatech/
New York University,https://www.facebook.com/NYUSecrets/,https://www.facebook.com/NYUConfessions/,https://www.facebook.com/NYUMemes/,https://www.facebook.com/NYUSecrets02/
Tufts University,https://en-gb.facebook.com/TuftsSecrets/,https://www.facebook.com/488379391541085/,https://www.facebook.com/TuftsSecrets/
University of North Carolina Chapel Hill,https://www.facebook.com/UNChistory/,https://www.facebook.com/vspinkunc/,https://www.facebook.com/UNC.University.Archives/,https://www.facebook.com/uncchapelhill/
University of Rochester,https://www.facebook.com/RobbinsLibUR/,https://www.facebook.com/University.of.Rochester/,https://www.facebook.com/rochesterconfessions/,https://www.facebook.com/UofRCrushes/
University of California Santa Barbara,https://www.facebook.com/mallorie.kiff/,https://www.facebook.com/ucsbsupporters/,https://www.facebook.com/sam.white3/,https://www.facebook.com/tamari.dzotsenidze/,https://www.facebook.com/sammieliciouss/
University of Florida,https://www.facebook.com/UFResearchNews/,https://www.facebook.com/pages/,https://www.facebook.com/uflaw/,https://www.facebook.com/hcgatorgrowl/,https://www.facebook.com/326673897436005/
University of California Irvine,https://www.facebook.com/AnteaterConfessions/,https://www.facebook.com/ucidining/,https://www.facebook.com/UCIInternationalSummer/,https://www.facebook.com/UCIrvine/
Boston College,https://www.facebook.com/BostonCollegeSubpoenaNews/,https://www.facebook.com/BCagainstthecurrent/,https://www.facebook.com/TuftsSecrets/
University of California San Diego,https://en-gb.facebook.com/TheSecretCookieService/,https://www.facebook.com/TheSecretCookieService/,https://www.facebook.com/LaJollaCom/,https://www.facebook.com/UCSDalumni/,https://www.facebook.com/events/
University of California Davis,https://www.facebook.com/UCDSecrets/,https://ar-ar.facebook.com/ucdavisglobalaffairs/,https://www.facebook.com/UCDavisResearch/,https://www.facebook.com/AskMsSun/,https://www.facebook.com/UCDavisSecrets/
Boston University,https://www.facebook.com/BUconfessions/,https://m.facebook.com/BostonUniversity/,https://www.facebook.com/BostonUniversity/,https://www.facebook.com/BostonUniversitySchoolofLaw/,https://www.facebook.com/ActiveMindsBU/
Brandeis University,https://www.facebook.com/407268382691693/,https://www.facebook.com/permalink.php?id=17361612299&story_fbid=10156088540832300/,https://www.facebook.com/brandeisuniversity/,https://m.facebook.com/brandeisuniversity/
Case Western Reserve University,https://es-la.facebook.com/277157443306/,https://www.facebook.com/casewesternreserve/,https://www.facebook.com/CWRUSOM/,https://hi-in.facebook.com/casewesternreserve/,https://www.facebook.com/CWRUAustinAlumni/
College of William and Mary,https://www.facebook.com/WMDCSI/,https://www.facebook.com/WMAdmission/,https://www.facebook.com/wmwaterpolo/,https://www.facebook.com/fbvims/,https://sq-al.facebook.com/wmnews/
Norteastern University,https://m.facebook.com/northeastern.msc/,https://www.facebook.com/northeastern/,https://sw-ke.facebook.com/northeastern.msc/,https://www.facebook.com/events/,https://www.facebook.com/TheatreNU/
Tulane University,https://www.facebook.com/NOLAnews/,https://www.facebook.com/995WRNO/,https://www.facebook.com/SECRETSofLIFEHOME/,https://www.facebook.com/538337086609353/,https://www.facebook.com/events/
University of Wisconsin Madison,https://www.facebook.com/uwmadisonsecretadmirers/,https://www.facebook.com/UWMadison/,https://zh-cn.facebook.com/uwmadgradschool/,https://www.facebook.com/UwMadisonSecrets/
Villanova University,https://www.facebook.com/olivia.harrison.733/,https://www.facebook.com/CadizSummerProgramVu/,https://www.facebook.com/vuband/,https://www.facebook.com/VillanovaTheatre/,https://www.facebook.com/Villanova-University-Honors-Program-127239477934/
University of Illinois Urbana Champaign,
University of Texas Austin,https://www.facebook.com/TexasVSPINK/,https://www.facebook.com/UTAustinTX/,https://www.facebook.com/UTSOA/,https://www.facebook.com/uttad/
Lehigh University,https://www.facebook.com/LehighKappaAlphaTheta/,https://www.facebook.com/pages/,https://www.facebook.com/julia.wise.334/,https://www.facebook.com/turningpointlv/,https://www.facebook.com/incscr.lehigh.1/
Pepperdine University,https://www.facebook.com/groups/,https://www.facebook.com/pepperdine.postsecret/,https://www.facebook.com/PeppThankfulness/,https://www.facebook.com/peppconfessions/,https://www.facebook.com/peppgraphic/
Rensselaer Polytechnic Institute,https://www.facebook.com/RPI.EDU?filter=1/,https://www.facebook.com/wpi.edu/,https://www.facebook.com/pages/,https://www.facebook.com/RPI.EDU/,https://www.facebook.com/EMPACnews/
University of Georgia,https://www.facebook.com/UGA-Secrets-231065720363924/,https://www.facebook.com/ugahousing/,https://www.facebook.com/universityofga/,https://www.facebook.com/ActiveMindsUGA/
Ohio State University COlumbus,https://www.facebook.com/OhioStatePINK/,https://www.facebook.com/OSUOutreach/,https://www.facebook.com/ohiostatebuckeyewellness/,https://www.facebook.com/osu/,https://www.facebook.com/events/
Santa Clara University,https://www.facebook.com/SCUAdmission/,https://www.facebook.com/TEDxSantaClaraUniversity/,https://www.facebook.com/ScuAPB/,https://www.facebook.com/SCUCenterforProfessionalDevelopment/
Syracuse University,https://www.facebook.com/syracuseuniversity/,https://www.facebook.com/SyracusePink/
Florida State University,https://www.facebook.com/vspinkfsu/,https://www.facebook.com/fsview/,https://www.facebook.com/186037075281860/
Pennsylvania State University University Park,https://www.facebook.com/PennStateCRec/,https://www.facebook.com/pennstateprssa/,https://www.facebook.com/townandgownsc/,https://www.facebook.com/BlueWhiteSociety/,https://www.facebook.com/PennStateHUB/
Purdue University West Lafayette,https://www.facebook.com/pages/,https://www.facebook.com/PurdueCooperatives/,https://www.facebook.com/PurdueIdentityProject/,https://www.facebook.com/vspink/
University of Miami,https://www.facebook.com/UMiamiHillel/,https://www.facebook.com/RosenstielSchool/,https://www.facebook.com/events/,https://www.facebook.com/SebastianTheIbis/
University of Pittsburg,https://www.facebook.com/nationalityroomsprograms/,https://www.facebook.com/GESpitt/,https://z-m-www.facebook.com/UPstages/,https://www.facebook.com/LitAtPitt/,https://m.facebook.com/pittgspia/
Rutgers University New Brunswick,https://www.facebook.com/thecollegeofexploration/,https://www.facebook.com/secretsatRutgers/,https://www.facebook.com/Rutgers.Newark/,https://www.facebook.com/RutgersU/
University of Washington,https://www.facebook.com/UWTrainingTableSecrets/,https://www.facebook.com/pages/,https://www.facebook.com/SecretUW/,https://m.facebook.com/UW-Greek-Secrets-533173420047123/
Yoyola Marymount University,https://www.facebook.com/lmualumni/,https://m.facebook.com/lmuadmission/,https://www.facebook.com/lmula/,https://zh-cn.facebook.com/lmuadmission/
South Methodist University ,https://www.facebook.com/215487128476238/,https://www.facebook.com/SMUPINK/,https://www.facebook.com/events/
University of Connecticut,https://www.facebook.com/uconn.elin/,https://www.facebook.com/UConnGlobal/,https://www.facebook.com/connecticut.repertory.theatre/,https://www.facebook.com/yutin.zhao/,https://www.facebook.com/Languages-Graduate-Student-Association-at-UConn-148119591940875/
University of Maryland College Park,https://www.facebook.com/umdarete/,https://www.facebook.com/pages/,https://www.facebook.com/events/,https://www.facebook.com/UMDieteticinternship/
University of Massachusetts Amherst,https://www.facebook.com/UmassPINK/,https://www.facebook.com/UMassAmherst/,https://www.facebook.com/UMAnursing/,https://www.facebook.com/bdic.umass/
Worcester Polytechnic Institute,https://www.facebook.com/219679878172708/,https://www.facebook.com/wpi.edu/
Clemson University,https://m.facebook.com/ClemsonScience/,https://www.facebook.com/digarc/,https://feedback.facebook.com/events/,https://www.facebook.com/ClemsonScience/
George Washington University,https://www.facebook.com/GWU-Secrets-130033917170476/,https://m.facebook.com/GWU-Secrets-130033917170476/,https://www.facebook.com/130033917170476/,https://www.facebook.com/CPSGW/
Texas A&M University College Station,https://www.facebook.com/tamuwc/,https://m.facebook.com/TAMU.HR/,https://www.facebook.com/TexasAMPINK/,https://zh-cn.facebook.com/TAMUISS/,https://www.facebook.com/tamu/
University of Minnesota Twin Cities,https://www.facebook.com/WAMcollective/,https://www.facebook.com/pages/,https://business.facebook.com/umtad/,https://www.facebook.com/umtad/
Fordham University,https://www.facebook.com/FordhamUniversity/,https://www.facebook.com/FCLC-Secrets-215193608622674/,https://www.facebook.com/69800193833/
Stevens Institute of Technology,https://www.facebook.com/groups/,https://www.facebook.com/StevensMensTennis/,https://www.facebook.com/jessica.r.spanier/,https://www.facebook.com/events/,https://www.facebook.com/meaghan.wilson.9/
Virginia Tech,https://www.facebook.com/thevtu/,https://www.facebook.com/groups/,https://www.facebook.com/icatatvt/,https://www.facebook.com/VtCrushes/,https://www.facebook.com/UniversityofVirginia/
American University,https://www.facebook.com/LebaneseAmericanUniversity/,https://www.facebook.com/curiositystream/,https://zh-cn.facebook.com/LebaneseAmericanUniversity/,https://www.facebook.com/aufyadvising/,https://www.facebook.com/AmericanUAlum/
Brigham Young University Provo,https://www.facebook.com/byu.mpc/,https://www.facebook.com/susan.doty.731/,https://www.facebook.com/ByuSecrets/
Baylor University ,https://www.facebook.com/isabella.chavez/,https://www.facebook.com/BaylorSOE/,https://www.facebook.com/baylorrowing/,https://www.facebook.com/avs.baylor/,https://www.facebook.com/postsecret.baylor/
Binghamton University SUNY,https://www.facebook.com/josuejqquinones2/,https://www.facebook.com/BinghamtonU/,https://www.facebook.com/BinghamtonUniversityBinghamHallRoom38Secrets/,https://es-la.facebook.com/BinghamtonAlum/,https://zh-cn.facebook.com/BinghamtonAlum/
Gonzaga University,https://www.facebook.com/GonzagaUniversity/,https://www.facebook.com/pages/,https://www.facebook.com/333802430059058/,https://www.facebook.com/permalink.php?story_fbid=466787763427190&id=333802430059058&comment_id=485867634852536&comment_tracking=%7B%22tn%22%3A%22R%22%7D/,https://www.facebook.com/lindsey.kodweis/
Indiana University Bloomington,https://www.facebook.com/IndianaMemorialUnion/,https://www.facebook.com/idsnews/,https://www.facebook.com/IndianaUniversity/
University at Buffalo SUNY,https://www.facebook.com/UBHistory/,https://www.facebook.com/UBStudentAssociation/,https://www.facebook.com/events/,https://www.facebook.com/PINKUBuffalo/,https://www.facebook.com/UBMemes/
Colorado School of Mines,https://www.facebook.com/amy.goldstein.167/,https://www.facebook.com/ColoradoSchoolofMines/,https://www.facebook.com/cuboulder/,https://www.facebook.com/sdsmt/
Elon University,https://www.facebook.com/elonglobal/,https://www.facebook.com/ElonLaw/,https://www.facebook.com/elondu/,https://www.facebook.com/elonfsc/
Marquette University,https://www.facebook.com/cgoodrich6/,https://www.facebook.com/abigail.esch/,https://www.facebook.com/MarquetteOSD/,https://www.facebook.com/MarquetteUPress/,https://mobile.facebook.com/AssociationofMarquetteUniversityWomen/
Michigan State University,https://es-la.facebook.com/MSUMuseum/,https://www.facebook.com/194058670623209/,https://www.facebook.com/MSUMuseum/,https://www.facebook.com/spartans.msu/
North Varolina State University Raleigh,https://www.facebook.com/NCSUPolice/,https://www.facebook.com/NCStateCNR/,https://www.facebook.com/ncstatepink/,https://www.facebook.com/NCSU.OML/
University of California Santa Cruz,https://www.facebook.com/UCSCDreamweavers/,https://www.facebook.com/notes/,https://www.facebook.com/heyjulian1/,https://www.facebook.com/ucscsustainability/
University of Iowa,https://www.facebook.com/uispeccoll/,https://www.facebook.com/universityofnortherniowa/,https://www.facebook.com/events/,https://www.facebook.com/Entrepreneurship.at.Iowa/
Clark University,https://sw-ke.facebook.com/CUConsulting/,https://mobile.facebook.com/CUConsulting/,https://ne-np.facebook.com/CUConsulting/,https://www.facebook.com/CUConsulting/,https://www.facebook.com/events/
Miami University Oxford,https://www.facebook.com/pinkmiamioh/,https://www.facebook.com/oxfordohpolice/,https://www.facebook.com/MiamiUniversity/
Stony Brook University SUNY,https://www.facebook.com/bangyi.liu.1/,https://www.facebook.com/SBUHealthierU/,https://www.facebook.com/sissi.zhang628/,https://m.facebook.com/profile.php?id=114821905196648/,https://www.facebook.com/sbengaged/
University of California Riverside,
University of Delaware ,https://www.facebook.com/AltUDMFA/,https://www.facebook.com/16972274487/,https://www.facebook.com/VitaNovaUDEL/,https://www.facebook.com/UDalumni/,https://www.facebook.com/emily.suwala/
University of San Diego,https://www.facebook.com/Secrets-Wig-Designs-218179260505/,https://www.facebook.com/whalemama/,https://www.facebook.com/LaJollaCom/,https://www.facebook.com/118522813376/,https://www.facebook.com/events/
Drexel University,https://zh-cn.facebook.com/drexeluniv/,https://ko-kr.facebook.com/drexeluniv/,https://www.facebook.com/DrexelMusicProgram/,https://www.facebook.com/drexeluniv/
New Jersey Institute of Technology,https://z-m-www.facebook.com/events/,https://www.facebook.com/ChinaInstitute/,https://www.facebook.com/henry.duncan.779/,https://www.facebook.com/SecretInsuranceAgency/,https://www.facebook.com/NewJerseyInstituteofTechnology/
Saint Lous University,https://www.facebook.com/SLUrecandwellness/,https://www.facebook.com/pages/,https://www.facebook.com/Louisian-Secret-Files-787598124590245/,https://www.facebook.com/stlouisreviewcenterbaguio/,https://www.facebook.com/MOCRA.SLU/
Texas Christian University,https://www.facebook.com/TCUTexasChristianUniversity/,https://www.facebook.com/TCUNeeleySchool/,https://www.facebook.com/TheTCUMagazine/,https://www.facebook.com/TCURegistrarOffice/
University of Denver,https://www.facebook.com/coloradostateuniversity/,https://www.facebook.com/DUSPP/,https://www.facebook.com/stella.brown.526438/,https://www.facebook.com/DUPsych/,https://www.facebook.com/msudenver/
University of San Francisco,https://www.facebook.com/USFComputerScience/,https://hi-in.facebook.com/University.of.San.Francisco/,https://it-it.facebook.com/stanford/,https://www.facebook.com/University.of.San.Francisco/,https://www.facebook.com/stanford/
Yeshiva University,https://www.facebook.com/pages/,https://www.facebook.com/yucareercenter/,https://www.facebook.com/yusternconfessions/
Auburn University,https://www.facebook.com/3070-Secrets-of-Auburn-155482077847002/,https://www.facebook.com/lisachou.diallo/,https://www.facebook.com/meredith.chandler.9/,https://www.facebook.com/UAHuntsville/
Creighton University,https://www.facebook.com/isabella.powers.549/,https://www.facebook.com/450822948457393/,https://www.facebook.com/aarjoo.bk/,https://www.facebook.com/clare.weber.92/,https://www.facebook.com/christimarieward/
Howard University,https://www.facebook.com/HowardU/,https://m.facebook.com/SoulSecretsLLC/,https://zh-cn.facebook.com/tinytinysecrets/,https://ur-pk.facebook.com/tinytinysecrets/
Loyola University Chicago,https://www.facebook.com/LUCLawAdmission/,https://www.facebook.com/LoyolaTransfers/,https://www.facebook.com/LoyolaChicago/,https://www.facebook.com/LUCLawAlumni/
Rochester Institute of Technology,https://www.facebook.com/RITPublicSafety/,https://www.facebook.com/RITLibraries/,https://www.facebook.com/ritntid/,https://www.facebook.com/RITGlobalVillage/
Temple University,https://www.facebook.com/temple.sbdc/,https://www.facebook.com/templehillel/,https://www.facebook.com/34stmag/,https://www.facebook.com/events/,https://www.facebook.com/seavmeijingkun/
University of California Merced,https://www.facebook.com/UCMercedPolice/,https://www.facebook.com/ucmerced/,https://www.facebook.com/UCMercedConfessions/,https://www.facebook.com/jzaragoza408/
University of COlorado Boulder,https://www.facebook.com/PINKCUBoulder/,https://www.facebook.com/cuboulder/,https://zh-cn.facebook.com/cuboulder/,https://www.facebook.com/InnovateCUBldr/
University of Oregon,https://www.facebook.com/UOconfessions/,https://www.facebook.com/UOLGBTQA/,https://www.facebook.com/permalink.php?id=195178837548&story_fbid=10157327819367549/,https://www.facebook.com/events/
University of South Carolina,https://www.facebook.com/IrvinRBSC/,https://www.facebook.com/mooreschool/,https://www.facebook.com/seth.walden.92/,https://www.facebook.com/uofscpanhellenic/,https://www.facebook.com/SouthCarolinaETV/
University of South Florida,https://www.facebook.com/USouthFlorida/,https://zh-cn.facebook.com/intousf/,https://www.facebook.com/AOIIUSF/
University of Tennessee,
University of Utah,https://www.facebook.com/UtahPINK/,https://www.facebook.com/pages/,https://www.facebook.com/yourcampuslife/,https://www.facebook.com/universityofutah/,https://www.facebook.com/events/
Arizona State University Tempe,https://www.facebook.com/ASUAlumni/,https://business.facebook.com/ASU.SecretGarden/,https://www.facebook.com/ASU.SecretGarden/
Clarkson University,https://www.facebook.com/zack.french.12/,https://www.facebook.com/ClarksonUniversity/,https://www.facebook.com/Clarkson-University-Libraries-178850538806454/,https://zh-cn.facebook.com/ClarksonUniversity/,https://www.facebook.com/events/
Illinois Institute of Technology,https://www.facebook.com/IIT-College-of-Science-467984899905274/,https://el-gr.facebook.com/pages/,https://zh-cn.facebook.com/iitalumni1/,https://zh-cn.facebook.com/vedicvis/,https://www.facebook.com/iitphysicsdepartment/
University of Arizona,https://www.facebook.com/NAUFlagstaff/,https://www.facebook.com/ArizonaSecrets/,https://www.facebook.com/arizonastateuniversity/,https://www.facebook.com/uahumanities/
Iowa State University,https://www.facebook.com/pages/,https://www.facebook.com/Iowa-State-University-Memes-370992809596782/,https://www.facebook.com/IowaStateU/,https://www.facebook.com/253766021595/
SUNY College of Environmental Science and Forestry,https://m.facebook.com/sunyesf/,https://www.facebook.com/eplaw/,https://www.facebook.com/ania.gorna/,https://www.facebook.com/meschmitt33/
University of Tulsa,https://www.facebook.com/UTulsaTheatre/,https://www.facebook.com/UniversityOfTulsaConfessions/,https://www.facebook.com/HRabe97/,https://www.facebook.com/events/,https://www.facebook.com/priceuniversity/
University of Vermont,
Chapman University,https://www.facebook.com/ChapmanNews/,https://www.facebook.com/KappaChapman/,https://www.facebook.com/chapmanbusinessschool/,https://www.facebook.com/ChapmanUniversityAdmission/
DePaul University,https://www.facebook.com/LUCLawAdmission/,https://www.facebook.com/thegriefofothers/,https://www.facebook.com/TheTheatreSchool/,https://www.facebook.com/DePaulCareerCenter/,https://www.facebook.com/DePaulUniversity/
Simmons University,https://business.facebook.com/SimmonsLibrary/,https://www.facebook.com/jacqueline.bateman.5/,https://www.facebook.com/events/,https://www.facebook.com/SimmonsLibrary/,https://www.facebook.com/simmonsasb/
University of New Hampshire,https://www.facebook.com/people/,https://www.facebook.com/spotnh/,https://www.facebook.com/hopandgrind/,https://www.facebook.com/unhviolin/,https://www.facebook.com/unhconfessions/
University of the Pacific,https://www.facebook.com/foodstudiespacific/,https://www.facebook.com/sydney.yajion/,https://www.facebook.com/PacificHistory/,https://www.facebook.com/universityofthepacific/,https://www.facebook.com/pacificmemes/
Drake University,https://www.facebook.com/groups/,https://www.facebook.com/rob.nelson.161214/,https://www.facebook.com/jeffrey.givant/,https://www.facebook.com/events/,https://www.facebook.com/BenjaminTrustworthynicholls/
University of Kansas,https://www.facebook.com/KU/,https://www.facebook.com/pages/,https://nb-no.facebook.com/KU/,https://www.facebook.com/permalink.php?story_fbid=1478796925669027&id=1470917709790282/,https://www.facebook.com/ku.nati.14/
Duquesne University,https://www.facebook.com/scusemewhileikissthesky/,https://www.facebook.com/210976735601165/,https://www.facebook.com/ASTADuqU/,https://fr-fr.facebook.com/pages/,https://www.facebook.com/events/
Rutgers University NEwardk,https://www.facebook.com/Rutgers.Newark/,https://zh-cn.facebook.com/153129401379855/
University of Dayton,https://www.facebook.com/daytoncvb/,https://www.facebook.com/FlyerTheatre/
Univiersity of Illinois Chicago,https://www.facebook.com/uic.edu/,https://www.facebook.com/pathologyUIC/,https://www.facebook.com/UofCSecrets/,https://www.facebook.com/UIConfessions/
University of Kentucky,https://ar-ar.facebook.com/UKHRTD/,https://www.facebook.com/KentuckyMythChasers/,https://zh-cn.facebook.com/universityofky/,https://www.facebook.com/kentuckyproud/,https://www.facebook.com/SecretsBluegrassChefs/
University of La Verne,https://zh-cn.facebook.com/ULaVerne/,https://www.facebook.com/ULaVerne/,https://www.facebook.com/events/
University of Oklahoma,https://www.facebook.com/uofoklahoma/,https://www.facebook.com/OUFMS/,https://www.facebook.com/OUITSolutions/,https://www.facebook.com/OUPreNursing/
The Catholic University of America,https://www.facebook.com/TheBuschSchool/,https://www.facebook.com/mikey.angelini/,https://www.facebook.com/CatholicUalumni/,https://www.facebook.com/CatholicUniversity/,https://sq-al.facebook.com/CatholicULaw/
Oregon State University,https://www.facebook.com/into.oregonstate/,https://www.facebook.com/OregonStateUniversityTheatre/,https://www.facebook.com/permalink.php?id=195178837548&story_fbid=10157327819367549/,https://www.facebook.com/osubeavers/
Seattle University,https://www.facebook.com/pages/,https://www.facebook.com/events/,https://www.facebook.com/AugustaApartments/,https://ne-np.facebook.com/events/
Seton Hall University,https://www.facebook.com/slavicclub/,https://www.facebook.com/setonhall/,https://www.facebook.com/SetonHallMRC/
University of Cincinnati,https://www.facebook.com/UCContinuingEd/,https://www.facebook.com/uofcincinnati/,https://m.facebook.com/uofcincinnati/,https://zh-cn.facebook.com/uofcincinnati/
University of Missouri,https://www.facebook.com/MizzouLibraries/,https://www.facebook.com/musartarch/,https://www.facebook.com/missourisecrets/,https://www.facebook.com/liz.kimsey/,https://www.facebook.com/dballinger/
University of Nebraska Lincoln,https://www.facebook.com/UNLSNR/,https://www.facebook.com/CampusRec/,https://sw-ke.facebook.com/NUPPC/,https://www.facebook.com/events/,https://m.facebook.com/UNLPhysics/
University of St. Thomas,https://www.facebook.com/StThomasHouston/,https://www.facebook.com/University-of-St-Thomas-Secret-Admirers-191591254298364/,https://www.facebook.com/USTFootball/,https://www.facebook.com/USTExecutiveEducation/
Michigan technological University,https://www.facebook.com/pages/,https://www.facebook.com/160090407486782/,https://www.facebook.com/michigantech/
Samford University,https://www.facebook.com/SamfordCDC/,https://www.facebook.com/events/,https://www.facebook.com/SamfordUniversity/,https://www.facebook.com/alsymphony/
San Diego State University,https://www.facebook.com/SanDiegoState/,https://www.facebook.com/ali.sdsu/,https://www.facebook.com/SDSUadmissions/,https://www.facebook.com/118522813376/,https://www.facebook.com/events/
University at Albany SUNY,https://www.facebook.com/events/,https://www.facebook.com/UAlbanySecrets/,https://www.facebook.com/SunyAlbanySecret/
University of St. Joseph,https://www.facebook.com/SJCCISecretFiles/,https://www.facebook.com/USJMacao/,https://www.facebook.com/saintjosephsuniversity/,https://www.facebook.com/Usjsa/
University of Texas Dallas,https://www.facebook.com/poorva.ghosh/,https://www.facebook.com/andrew.watts.3382/,https://www.facebook.com/UTDGBO/,https://www.facebook.com/UTDsecrets/
George Mason University,https://www.facebook.com/LatinAmericanStudiesGeorgeMason/,https://www.facebook.com/GMUEnglish/,https://www.facebook.com/transparentGMU/,https://www.facebook.com/GmuConfessions/
Louisiana State University Baton Rouge,https://www.facebook.com/Secret-nails-1424028254480247/,https://www.facebook.com/LSUAlumniAssociation/,https://www.facebook.com/LSU.TTGC/,https://www.facebook.com/southernuniversitybatonrouge/,http://www.facebook.com/pages/
Mercer University ,https://www.facebook.com/pages/,https://www.facebook.com/laura.mitchell.568/,https://www.facebook.com/taylor.johns12/,https://www.facebook.com/mitpatel2014/,https://www.facebook.com/NYUSecrets/
the NEw School,https://www.facebook.com/NewSchoolFreePress/,https://www.facebook.com/NewSchoolSecrets/
Quinnipiac University,https://www.facebook.com/QuinnipiacUniversity/,https://sc-it.latest.facebook.com/QuinnipiacUniversity/,https://www.facebook.com/quathletics/,https://www.facebook.com/QuinnipiacUNews/
Thomas Jefferson University,https://m.facebook.com/JeffersonUniv/,https://www.facebook.com/JeffersonUniv/,https://www.facebook.com/History101magazine/
University of Alabama,https://zh-cn.facebook.com/UAHuntsville/,https://www.facebook.com/universityofalabama/,https://www.facebook.com/UAHuntsville/,https://www.facebook.com/HonorsCollegeUA/
University of Arkansas ,https://www.facebook.com/Secrets-of-the-South-129939273713885/,https://www.facebook.com/chiomegauark/,https://www.facebook.com/uafortsmith/,https://www.facebook.com/joe.euculano/
Valparaiso University,https://www.facebook.com/vuprssa/,https://www.facebook.com/ashlyn.montgomery.10/,https://www.facebook.com/abby.johnson.9081323/,https://www.facebook.com/savannah.jorgensen/,https://www.facebook.com/valpophipsi/
Hofstra University,https://zh-cn.facebook.com/HofstraUniversitySecrets/,https://www.facebook.com/HofstraUniversitySecrets/,https://m.facebook.com/HofstraUniversitySecrets/
Kansas State University,https://www.facebook.com/ksufoundation/,https://www.facebook.com/KansasStatePINK/,https://www.facebook.com/coloradostateuniversity/,https://www.facebook.com/K-State-Secrets-231451823707475/
University of Mississippi,https://www.facebook.com/OleMissVSPINK/,https://www.facebook.com/lydazja.turner/,https://www.facebook.com/olemiss/,https://www.facebook.com/kinslee.hancock/,https://www.facebook.com/ole.miss.cie/
Virginia Commoonwealth University,https://www.facebook.com/virginiacommonwealthuniversity/,https://www.facebook.com/VCUSSW/,https://www.facebook.com/permalink.php?id=22922516119&story_fbid=10155995937001120/,https://www.facebook.com/studyabroadvcu/,https://eo-eo.facebook.com/virginiacommonwealthuniversity/
Adelphi University,https://www.facebook.com/AdelphiAlumni/,https://www.facebook.com/578368292207480/,https://m.facebook.com/DrTerriLoveDr/,https://www.facebook.com/Adelphi-Secrets-578368292207480/
Belmont University,https://www.facebook.com/BelmontPRSSA/,https://www.facebook.com/mondaymint/,https://www.facebook.com/Belmont-Confessions-121868774658458/
Colorado State University,https://www.facebook.com/pinkcoloradost/,https://www.facebook.com/coloradostateuniversity/,https://www.facebook.com/msudenver/,https://www.facebook.com/vspink/
Montclair State University,https://www.facebook.com/MontclairStateUniversityAlumni/,https://www.facebook.com/PINKMontclairSt/,https://www.facebook.com/Montclair2020/,https://www.facebook.com/MontclairStateUniversity/
Rowan University,
Tutgers University Camden,https://www.facebook.com/camdencomiccon/,https://www.facebook.com/StudentWorksGallery/,https://www.facebook.com/RutgersU/,https://www.facebook.com/RutgersCamden/
St. John Fisher College,https://www.facebook.com/bobsecrets.raus.5/,https://www.facebook.com/victorias.secretmarketplace/,https://www.facebook.com/jacob.baker.142/,https://www.facebook.com/StJohnFisherCollege/,https://www.facebook.com/abigail.dwyer.9/
University of Alabama Brimingham,https://www.facebook.com/theatreuab/,https://www.facebook.com/UAB.edu/,https://www.facebook.com/UABconfess/
University of central Florida,https://ko-kr.facebook.com/UCF/,https://www.facebook.com/UCF/,https://www.facebook.com/ucfpink/,https://ps-af.facebook.com/UCF/
University of Hawaii Manoa,https://www.facebook.com/honolulumag/,https://www.facebook.com/events/,https://www.facebook.com/UHMIX/,https://www.facebook.com/CommuteUHM/
University of Maryland Baltimore County,https://www.facebook.com/BaltimoreCoMasterGardnersofUME/,https://www.facebook.com/oleg96/,https://www.facebook.com/haereen.cho/,https://www.facebook.com/alicejoy.thomas/,https://www.facebook.com/g.ro90/
University of Rhode Islan,https://www.facebook.com/URIMPA/,https://www.facebook.com/universityofri/,https://www.facebook.com/URICELS/,https://www.facebook.com/URIConfessions/,https://is-is.facebook.com/universityofri/
Washington State University,https://www.facebook.com/RealWsuSecrets/
Gallaudet University,https://www.facebook.com/OldTimeDc/,https://www.facebook.com/gallaudetu/,https://ar-ar.facebook.com/gallaudetu/,https://www.facebook.com/GallaudetLibrary/,https://www.facebook.com/PhiKappaZeta/
Missouri University of Science and Technology,https://www.facebook.com/133545193496942/,https://en-gb.facebook.com/MissouriSandTSecretAdmirers/,https://www.facebook.com/MissouriSandTSecretAdmirers/,https://business.facebook.com/MissouriSandTSecretAdmirers/
St. John's University,https://www.facebook.com/SJUSecrets/
University of Detroit Mercy,https://www.facebook.com/188190737866443/,https://www.facebook.com/barbri/,https://www.facebook.com/VisionResearchLabUDM/,https://www.facebook.com/events/,https://www.facebook.com/Smiles90DDS/
University of Idaho,https://www.facebook.com/BringYourUnusualIdahoSecrets/,https://www.facebook.com/events/,https://www.facebook.com/sarah.parkinson.90/,https://www.facebook.com/ByuSecrets/
University of Massachusetts Lowell,https://www.facebook.com/UMLGlobalStudies/,https://www.facebook.com/YALUMassLowell/,https://www.facebook.com/UMLDining/,https://www.facebook.com/UMLVSA/,https://www.facebook.com/umlowell/
Biola University,https://sw-ke.facebook.com/BiolaCMR/,https://www.facebook.com/my.biola.confessions/,https://www.facebook.com/Biola/,https://www.facebook.com/BiolaCinema/,https://www.facebook.com/BiolaCMR/
Chatham University,https://www.facebook.com/umbrainstitute/,https://business.facebook.com/Chatham-University-Office-of-Career-Development-165901647091976/,https://www.facebook.com/holly.barrett.562/,https://www.facebook.com/SecretsoftheEasternShore/,https://www.facebook.com/JKMLibrary/
Ohio University,
Pacific University,https://www.facebook.com/Philosophy-Club-143640519404/,https://www.facebook.com/pages/,https://www.facebook.com/APUConfessionPage/,https://en-gb.facebook.com/APUConfessionPage/
Union University,https://www.facebook.com/UofNSU/,https://www.facebook.com/IndianaMemorialUnion/,https://www.facebook.com/secretsuchicago/,https://zh-cn.facebook.com/UNTUnion/
University of Houston,https://www.facebook.com/samhoustonstate/,https://www.facebook.com/groups/,https://www.facebook.com/41729956409/,https://www.facebook.com/uhdowntown/,https://www.facebook.com/thecareerempress/
University of North Carolina Wilmington,https://www.facebook.com/OLLIatUNCW/,https://www.facebook.com/CoachCRod/,https://www.facebook.com/RatioChristiUNCW/,https://www.facebook.com/uncwilmington/,https://www.facebook.com/UNCWSeabelles/
Ball State University,https://www.facebook.com/BallStateSecretAdmirers/,https://www.facebook.com/bsusecretadmirers/,https://www.facebook.com/BSUkNOwMoreSecrets/
Miscericordia University,https://www.facebook.com/MisericordiaAlumni/,https://www.facebook.com/permalink.php?id=290902457599146&story_fbid=2219299201426119/,https://business.facebook.com/MisericordiaUniversity/,https://www.facebook.com/MisericordiaUniversity/,https://www.facebook.com/eckleyminersvillage/
Oklahoma State University,https://www.facebook.com/VSPINKOkstate/,https://m.facebook.com/VSPINKOkstate/
Seattle Pacific University,https://www.facebook.com/AEISPU/,https://www.facebook.com/spuecssc/,https://www.facebook.com/spusoulcare/,https://www.facebook.com/seattle.pacific.university/,https://www.facebook.com/Center-for-Integrity-in-Business-Seattle-Pacific-University-111262728887621/
University of Louisville,https://www.facebook.com/BetaThetaPiUofL/,https://www.facebook.com/Secrets-of-Old-Louisville-1485291138284010/,https://www.facebook.com/PrincessSammalla/,https://www.facebook.com/SecretsOfLouisvilleChefs/,https://www.facebook.com/marena.mccord/
Bellarmine University,https://en-gb.facebook.com/BellarmineU/,https://www.facebook.com/BUCareerDev/,https://www.facebook.com/PassionistsHCP/,https://www.facebook.com/BellarmineU/,https://business.facebook.com/BellarmineU/
Bethel University,https://www.facebook.com/BethelCollegeArtDepartment/,https://www.facebook.com/betheluniversity/,https://www.facebook.com/kassie.snyder.13/,https://www.facebook.com/Bethel-University-Identity-and-Neighborhood-1252531014777276/
Illinois State University,https://www.facebook.com/pages/,https://www.facebook.com/ISUCollegiateFarmBureau/,https://www.facebook.com/IllinoisStateUniversity/,https://www.facebook.com/ISURedbirds/
Loyola University New Orleans,https://www.facebook.com/loyolayap/,https://www.facebook.com/ghostcitytours/,https://m.facebook.com/permalink.php?id=232063153504426&story_fbid=827315397312529/,https://www.facebook.com/LoynoPrez/,https://www.facebook.com/568600066485937/
Towson University,https://www.facebook.com/groups/,https://www.facebook.com/tuclublaxx/,https://www.facebook.com/weightysecrets/,https://www.facebook.com/BreKeishon/,https://www.facebook.com/TowsonUniversitySymphonicBandAlumni/
Edgewood College,https://www.facebook.com/nolan.kepler.9/,https://www.facebook.com/madpod97/,https://www.facebook.com/sarah.deininger.18/,https://www.facebook.com/mariam.aynte/,https://ne-np.facebook.com/events/
Florida Institute of Technology,https://www.facebook.com/forrest.lee.353/,https://www.facebook.com/Glance89/,https://www.facebook.com/Killllllakay/,https://www.facebook.com/rajesh.jagasia.7/,https://www.facebook.com/sydney.spicer.96/
Maryville University of St. Louis,https://b-m.facebook.com/MaryvilleUniversity/,https://www.facebook.com/MaryvilleAdmissions/,https://www.facebook.com/MaryvilleUniversity/,https://fr-fr.facebook.com/MaryvilleAdmissions/
Pace University,https://www.facebook.com/universalpace/,https://www.facebook.com/HofstraUniversitySecrets/,https://www.facebook.com/events/,https://www.facebook.com/BatteryDance/
Regis University,https://www.facebook.com/codebluecomputing/,https://www.facebook.com/UOfUGraduateSchool/,https://www.facebook.com/erin.moroze/,https://www.facebook.com/emily.marshall.1675/,https://www.facebook.com/RegisAndersonBusiness/
Robert Morris University,https://www.facebook.com/RMUTopSecretColonials/,https://www.facebook.com/GoOffCampus/,https://touch.facebook.com/RMUTopSecretColonials/,https://www.facebook.com/253949253874/
University of Maine,
University of St. Francis,https://www.facebook.com/SFUSwimTeam/,https://www.facebook.com/stfrancisirving/,https://www.facebook.com/SFCNY/
Widener University,https://www.facebook.com/widenerobservatory/,https://www.facebook.com/notes/,https://www.facebook.com/wideneralumni/,https://business.facebook.com/wideneruniversity/
California State University Fresno,https://www.facebook.com/evettam/,https://www.facebook.com/BEACOLLEGESTUDENTFORADAY/,https://www.facebook.com/FresnoStateCheerTeam/,https://www.facebook.com/FresnoState/
Georgia State University,https://www.facebook.com/CollegeofEducationGSU/,https://www.facebook.com/GeorgiaStateUniversity/
Immaculta University,https://www.facebook.com/caitlin.osborn3/,https://www.facebook.com/IanMichaelCrumm/,https://www.facebook.com/Immaculata.University/,https://www.facebook.com/cristi.strange/,https://www.facebook.com/abigail.anderson.50/
Kent State University,https://www.facebook.com/kentstateuniversitypress/,https://www.facebook.com/KSUCPM/,https://www.facebook.com/KentStatePink/,https://www.facebook.com/HerCampusKentState/,https://www.facebook.com/KentStateStark/
Mississippi State University,https://ar-ar.facebook.com/msstate/,https://www.facebook.com/msstate/,https://zh-cn.facebook.com/msstate/,https://www.facebook.com/MVSUDining/,https://www.facebook.com/MSStateFamily/
University of Hartford,https://www.facebook.com/jasmine.cooper.967/,https://www.facebook.com/sam.gottlieb.10/,https://www.facebook.com/eric.chorney1/,https://www.facebook.com/wsamradio/,https://www.facebook.com/Solangeyybabyy/
Wilkes University,https://www.facebook.com/WBGazette/,https://m.facebook.com/WilkesColonels/,https://www.facebook.com/WilkesParents/,https://www.facebook.com/colette.elick/,https://www.facebook.com/biz/
Clarke University,https://sw-ke.facebook.com/CUConsulting/,https://www.facebook.com/ClarkUniversityWorcester/,https://mobile.facebook.com/CUConsulting/,https://ne-np.facebook.com/CUConsulting/,https://www.facebook.com/events/
Flordia International University,https://es-es.facebook.com/floridainternational/,https://www.facebook.com/floridainternational/,https://www.facebook.com/fiualumni/
Gannon University ,https://www.facebook.com/bobsecrets.raus.5/,https://m.facebook.com/GannonSBDC/
Hampton University,https://www.facebook.com/NCCUEagle/,https://www.facebook.com/pages/,https://www.facebook.com/hamptonroadsmessenger/,https://www.facebook.com/MrsHeatherLindsey/,https://www.facebook.com/ParentingBlackChildren/
Lipscomb University,https://www.facebook.com/pages/,https://www.facebook.com/audreycarolinemorris/,https://www.facebook.com/lipscombuniversity/
Sacred Heart University,https://www.facebook.com/SacredHeartUniversity/
Texas Tech University,https://www.facebook.com/TexasTechYou/,https://www.facebook.com/nytimes/,https://www.facebook.com/TTUFinancialAid/,https://www.facebook.com/DolcefinoCommunicationsLlc/,https://www.facebook.com/VSPINKTTU/
University of Massachusetts Dartmouth,https://www.facebook.com/umassddch/,https://hi-in.facebook.com/UMassDCAS/,https://www.facebook.com/UMassDCAS/,https://business.facebook.com/umassd/
University of New Mexico,https://www.facebook.com/unmpink/,https://m.facebook.com/unmpink/,https://www.facebook.com/UNMSecrets/
Western New England University,https://www.facebook.com/wnegsa/,https://www.facebook.com/pages/,https://www.facebook.com/WNELoL/,https://zh-cn.facebook.com/WesternNewEnglandUniversity/,https://m.facebook.com/WesternNewEnglandUniversity/
Azusa Pacific University,
CUNY city College ,https://www.facebook.com/CityCollegeSecrets/,https://www.facebook.com/CcnySecrets/
East Carolina University,https://zh-cn.facebook.com/EastCarolina/,https://www.facebook.com/EastCarolina/,https://www.facebook.com/ecucareerservices/
Grand Valley State University,https://www.facebook.com/GVSUPINK/,https://m.facebook.com/GVSUPINK/
,https://www.facebook.com/SECRETS-89118318517/,https://www.facebook.com/secretsofficial/,https://www.facebook.com/secretsuchicago/,https://www.facebook.com/secretsofthesky/
