Princeton University,https://twitter.com/PrincetonUPress/,https://twitter.com/princetoncitp/,https://twitter.com/princeton/,https://twitter.com/princetonupress/
Harvard University,https://twitter.com/IndoPac_Info/,https://twitter.com/harvard/,https://twitter.com/Harvard/
Columbia University,https://twitter.com/columbia/,https://twitter.com/Columbia/
Massachusetts Institute of Technology,
Yale University,https://twitter.com/DKiernanSkelly/,https://twitter.com/Yale/,https://twitter.com/txtrumpette89/,https://twitter.com/SustWomen/,https://twitter.com/yalewestcampus/
Stanford University,https://twitter.com/Stanford/,https://twitter.com/stanford/,https://twitter.com/tombed/,https://twitter.com/CarolynBertozzi/,https://twitter.com/AmyZegart/
University of Chicago,https://twitter.com/uchicago/,https://twitter.com/UChicago/
University of Pennsylvania,https://twitter.com/PennUltrasound/,https://twitter.com/PennEpiInst/,https://twitter.com/Penn/,https://twitter.com/kevinbmahoney/,https://twitter.com/KSusztak/
Northwestern University,https://twitter.com/haymarketbooks/,https://twitter.com/nuequipstaff/,https://twitter.com/ResearchNU/,https://twitter.com/007solutions/,https://twitter.com/researchnu/
Duke University,https://twitter.com/DukeU/,https://twitter.com/dukeoit/,https://twitter.com/dukepress/
Johns Hopkins University,https://twitter.com/jhupress/,https://twitter.com/johnshopkins?lang=no/,http://twitter.com/rmathematicus/,https://twitter.com/gmbritton/,https://twitter.com/hopkinsengineer/
California Institute of Technology,https://twitter.com/MLE_Online/,https://twitter.com/caltech/,https://twitter.com/caltechn/,https://twitter.com/Caltech/,https://twitter.com/caltech?lang=fr/
Darthmouth College,https://twitter.com/dartmouthdickey/,https://twitter.com/rickwasmith/,https://twitter.com/jamtothemusic/,https://twitter.com/_ToddBeane/,https://twitter.com/hashtag/
Brown University,https://twitter.com/brown_cds/,https://twitter.com/IVYconnect/,https://twitter.com/brownlibrary/,https://twitter.com/allisonmlevy/
University of Notre Dame,https://twitter.com/MikeMeltser/,https://twitter.com/notredame/,https://twitter.com/NotreDame/,https://twitter.com/ndstudgov/
Vanderbilt University,https://twitter.com/vandyhistory/,https://twitter.com/coachmattioli/,https://twitter.com/dragontaoran/,https://twitter.com/BFEichman/
Cornell University,https://twitter.com/cornelllunatic/,https://twitter.com/cornell/,https://twitter.com/Cornell/
Rice University,
Washington University in St. Louis,https://twitter.com/WUSTL/,https://twitter.com/washusecrets/,https://twitter.com/zhen_jason_he/,https://twitter.com/wustl/
University of California Los Angeles,
Emory University,https://twitter.com/emorydeptofmed/,https://twitter.com/emoryuniversity/,https://twitter.com/EmoryUniversity/,https://twitter.com/EmoryDeptofMed/,https://twitter.com/benktallmadge/
University of Californai Berkely,https://twitter.com/ucberkeley/,https://twitter.com/UCBerkeley/
University of SOuthern California,https://twitter.com/usc/,https://twitter.com/USC/
Georgetown University,https://twitter.com/freespeechgu/,https://twitter.com/FreeSpeechGU/,https://twitter.com/Stratfor/,https://twitter.com/georgetownlaw/,https://twitter.com/WPLyndaRobinson/
Carnegie Mellon University,https://twitter.com/TechExpoJobFair/,https://twitter.com/cmualumnihouse/,https://twitter.com/nrec_cmu/,https://twitter.com/cmu_uro_fso/
University of Michigan Ann Arbor,https://twitter.com/UMich/,https://twitter.com/michiganmuslims/,https://twitter.com/umich/
Wake Forest University,https://twitter.com/wfuconfessions/,https://twitter.com/wfnewscenter/,https://twitter.com/insidewfu/,https://twitter.com/WakeForestNews/,https://twitter.com/wakeforest/
University of Virginia,https://twitter.com/profnateb/,https://twitter.com/uva/,https://twitter.com/imauvaseven/,https://twitter.com/uva_rc/
Georgia Institute of Technology,https://twitter.com/georgiatechfb/,https://twitter.com/#!/,https://twitter.com/gt_sciences/,https://twitter.com/slsingh/,https://twitter.com/xiaoke_gan/
New York University,https://twitter.com/NYUGallatin/,https://twitter.com/NYUStern/,https://twitter.com/hashtag/,https://twitter.com/fakejohnsexton/
Tufts University,https://twitter.com/Tufts_Hemis/,https://twitter.com/fmlehman/,https://twitter.com/tuftsuniversity/,https://twitter.com/mysecretboston/
University of North Carolina Chapel Hill,https://twitter.com/uncpressblog/,https://twitter.com/unc/,https://twitter.com/moreheadplanet/,https://twitter.com/readkropotkin/
University of Rochester,https://twitter.com/urakpsi/,http://twitter.com/RocCityLibrary/,https://twitter.com/UofR/,https://twitter.com/hashtag/,https://twitter.com/UConn/
University of California Santa Barbara,https://twitter.com/dailynexus/,https://twitter.com/ucsbwomensoccer/,https://twitter.com/juergensmeyer/,https://twitter.com/smayadodge/,https://twitter.com/pstumpf5/
University of Florida,https://twitter.com/UFAdmissions/,https://twitter.com/zgator66/,https://twitter.com/ufwhisper/,https://twitter.com/ufindlayconfess/,https://twitter.com/UFNews/
University of California Irvine,https://twitter.com/UCIrvine/,https://twitter.com/ucirvine/
Boston College,https://twitter.com/bostonsecrets17/,https://twitter.com/BCBookmarks/,https://twitter.com/bclawreview/,https://twitter.com/BostonCollege/,https://twitter.com/peyson_raine/
University of California San Diego,https://twitter.com/ucsandiego/,https://twitter.com/bar_secrets/,https://twitter.com/ucsdnews/,https://twitter.com/hashtag/,https://twitter.com/UCSanDiego/
University of California Davis,https://twitter.com/UCDavisMagazine/,https://twitter.com/calaggiealumni/,https://twitter.com/askmssun/,https://twitter.com/ucdavisnews/,https://twitter.com/uc_alumni_uk/
Boston University,https://twitter.com/COMatBU/,https://twitter.com/bu_srj/,https://twitter.com/BUQuestrom/,https://twitter.com/hashtag/,https://twitter.com/letsrundotcom/
Brandeis University,https://twitter.com/brandeis_hbi/,https://twitter.com/brandeisls/,https://twitter.com/BrandeisU/,https://twitter.com/brandeisu/,https://twitter.com/andrewkolodny/
Case Western Reserve University,https://twitter.com/GautamSharmaMD/,https://twitter.com/cwru/,https://twitter.com/i/,https://twitter.com/cwru_law/,https://twitter.com/jmcoller/
College of William and Mary,https://twitter.com/kelloggox/,https://twitter.com/ariengabrielle/,https://twitter.com/samueljhuffman/,https://twitter.com/get2elite/,https://twitter.com/EmmaKinery/
Norteastern University,https://twitter.com/nuwhispers/,https://twitter.com/BARIboston/,https://twitter.com/NUWhispers/,https://twitter.com/northeastern/,https://twitter.com/yournucrush/
Tulane University,https://mobile.twitter.com/megd426/,https://mobile.twitter.com/breakingbiochem/,https://mobile.twitter.com/willanthony/,https://mobile.twitter.com/mtaibbi/,https://mobile.twitter.com/tulane/
University of Wisconsin Madison,https://twitter.com/UWMadEngr/,https://twitter.com/uwmadison/,https://twitter.com/UWMadison/,https://twitter.com/Badgerdocs/
Villanova University,https://twitter.com/villanova_law/,https://twitter.com/VUAA_Boston/,https://twitter.com/diazlopezmath/,https://twitter.com/markcalexander/,https://twitter.com/villanovaswe/
University of Illinois Urbana Champaign,https://twitter.com/nwav43/,https://twitter.com/illinois_alma/,https://twitter.com/illinoisbiolib/,https://twitter.com/sustainILLINOIS/,https://twitter.com/illinoislibrary/
University of Texas Austin,https://twitter.com/ut_iso/,https://twitter.com/i/,https://twitter.com/Rosental/,https://twitter.com/utsecretadmire/,https://twitter.com/utexascee/
Lehigh University,https://twitter.com/domacihome/,https://twitter.com/lehighadmission/,https://twitter.com/hashtag/,https://twitter.com/LehighResearch/,https://twitter.com/lvsustain/
Pepperdine University,https://twitter.com/coachromar/,https://twitter.com/NelsonGranados/,https://twitter.com/cordiemcghee/,https://twitter.com/okeedokeebros/,https://twitter.com/pepperdine/
Rensselaer Polytechnic Institute,
University of Georgia,https://twitter.com/gradsuga/,https://twitter.com/jennyatkinsonga/,https://twitter.com/ugacease/,https://twitter.com/PublicHealthUGA/,https://twitter.com/kristyarchuleta/
Ohio State University COlumbus,https://twitter.com/osuresearch/,https://twitter.com/OhioState/,https://twitter.com/ohiostatepress/,https://twitter.com/osuengineering/,https://twitter.com/osupolice/
Santa Clara University,https://twitter.com/scuhub/,https://twitter.com/santaclarauniv/,https://twitter.com/brianjlove/,https://twitter.com/scu_mobi/,https://twitter.com/bobakkabob37/
Syracuse University,https://twitter.com/sumathematics?lang=fr/,https://twitter.com/SyracuseU/,https://twitter.com/SUSportMgmt/,https://twitter.com/raesanchezz/,https://twitter.com/pikachuusedsurf/
Florida State University,https://twitter.com/fsuadmissions/,https://twitter.com/Order23157106/,https://twitter.com/hecht_amy/,https://twitter.com/fsu_gau/,https://twitter.com/irhcfsu/
Pennsylvania State University University Park,https://twitter.com/ISTatPENNSTATE/,https://twitter.com/PennStateMBB/,https://twitter.com/LegionofBluePSU/,https://twitter.com/psutheatre/,https://twitter.com/psuunderground/
Purdue University West Lafayette,https://twitter.com/lifeatpurdue/,https://twitter.com/cottagespurdue/,https://twitter.com/purdueagdean/,https://twitter.com/PurdueDining/,https://twitter.com/purduetheatre1/
University of Miami,https://twitter.com/umcas/,https://twitter.com/um_sebastian/,https://twitter.com/univmiami/,https://twitter.com/miamihurricane/
University of Pittsburg,https://twitter.com/phyastro_pitt/,https://twitter.com/secretpitt/,https://twitter.com/pittconfessions/,https://twitter.com/pitttweet/
Rutgers University New Brunswick,https://twitter.com/RutgersSEBS/,https://twitter.com/rutgers_pd/,https://twitter.com/rutgersenglish/,https://twitter.com/rutgers_cool/
University of Washington,https://twitter.com/uwmnewsroom/,https://twitter.com/burgessct/,https://twitter.com/uwsecrets/,https://twitter.com/washusecrets/
Yoyola Marymount University,https://twitter.com/lmusnyder/,https://twitter.com/notetorious_lmu/,https://twitter.com/hashtag/,https://twitter.com/lmumagazine/,https://twitter.com/lmulibrary/
South Methodist University ,https://twitter.com/SMUdigcoll/,https://twitter.com/smu/,https://twitter.com/SMU/
University of Connecticut,
University of Maryland College Park,https://twitter.com/uofmaryland/,https://twitter.com/mtechumd/,https://twitter.com/terpsecret/,https://twitter.com/UMDBioE/,https://twitter.com/umdconfessions/
University of Massachusetts Amherst,https://twitter.com/umassamherst/,https://twitter.com/umasspink/,https://twitter.com/umasssecrets/
Worcester Polytechnic Institute,https://twitter.com/WPIAdmissions/,https://twitter.com/laurieofmars/
Clemson University,https://twitter.com/thinkclemson/,https://twitter.com/ClemsonScience/,https://twitter.com/ashlan_ramsey/,https://twitter.com/clemsonscience/,https://twitter.com/cu_confessions/
George Washington University,https://twitter.com/gwmocktrial/,https://twitter.com/gelmanlibrary/,https://twitter.com/JamieJBartlett/,https://twitter.com/JonathanTurley/,https://twitter.com/davekarpf/
Texas A&M University College Station,https://twitter.com/TAMU/,https://twitter.com/tamu/
University of Minnesota Twin Cities,https://twitter.com/UMN_CLS/,https://twitter.com/gopherpmr/,https://twitter.com/umnmifa/,https://twitter.com/UMNAlumni/,https://twitter.com/hashtag/
Fordham University,https://twitter.com/fordhamu27/,https://twitter.com/untappedcities/,https://twitter.com/SheiresaNgo/,https://twitter.com/fu_phi/,http://twitter.com/FordhamNYC/
Stevens Institute of Technology,https://twitter.com/cecily_kovatch/,https://twitter.com/jacobssonnl/,https://twitter.com/stevensconnects/,https://twitter.com/njtech/,https://twitter.com/little_sacks/
Virginia Tech,https://mobile.twitter.com/erikagrafsky/,https://mobile.twitter.com/hokiesfb/,https://mobile.twitter.com/vt_nphc/,https://mobile.twitter.com/jacamelio/,https://mobile.twitter.com/dematrius09/
American University,https://twitter.com/JoshRovner1/,https://twitter.com/GS_CapSF/,https://twitter.com/secretsbedard/,https://twitter.com/jjonasanderson/
Brigham Young University Provo,https://twitter.com/byu/,https://twitter.com/BYU/
Baylor University ,https://twitter.com/pinepaula/,https://twitter.com/baylor/,https://twitter.com/Baylor/,https://twitter.com/hashtag/,https://twitter.com/13godsgal/
Binghamton University SUNY,https://twitter.com/brooklyndula/
Gonzaga University,https://twitter.com/gubiol105l?lang=sv/,https://twitter.com/joksudan/,https://twitter.com/lapierre_lauren/,https://twitter.com/hashtag/,https://twitter.com/21njr/
Indiana University Bloomington,https://twitter.com/IUBloomington/,https://twitter.com/iubloomington/
University at Buffalo SUNY,https://twitter.com/UCFSports/,https://twitter.com/markknoller/,https://twitter.com/ubathletics/,https://twitter.com/rodgrabowski/,https://twitter.com/rhkeefe1/
Colorado School of Mines,https://twitter.com/MinesAthletics/,https://twitter.com/george_sowers/,https://twitter.com/kassi_gongora/,https://twitter.com/chaebae/,https://twitter.com/thebanjo2e/
Elon University,https://twitter.com/mlairwlwt/,https://twitter.com/Elon_MT/,https://twitter.com/markadamsbball/,https://twitter.com/Noah/,https://twitter.com/eloncrush/
Marquette University,https://twitter.com/gerrycanavan/,https://twitter.com/hlespier66/,https://twitter.com/PaytonGuion/,https://twitter.com/jiggyjayy2/,https://twitter.com/kchaudoir/
Michigan State University,https://twitter.com/ttmalawi/,https://twitter.com/msucrushes/,https://twitter.com/michiganstateu/
North Varolina State University Raleigh,https://twitter.com/klques/,https://twitter.com/ncstatemba/,https://twitter.com/applyncstate/,https://twitter.com/NCStateVetMed/,https://twitter.com/dbdoughe/
University of California Santa Cruz,https://twitter.com/payusmoreucsc/,https://twitter.com/hashtag/,https://twitter.com/UCSCevents/,https://twitter.com/maggieastronomy/,https://twitter.com/lmnielse/
University of Iowa,https://twitter.com/HawkeyeConfess/,https://twitter.com/_unisecrets/,https://twitter.com/iowawriterswksp/
Clark University,https://twitter.com/dardar_binks/,https://twitter.com/microbeecology/,https://twitter.com/drleahrclark/,https://twitter.com/cau/,https://twitter.com/clarkeathletics/
Miami University Oxford,https://twitter.com/statuses/,https://twitter.com/miamiuniversity/,https://twitter.com/MiamiOHEsports/
Stony Brook University SUNY,https://twitter.com/sbucob/,https://twitter.com/kkennedyesq/,https://twitter.com/igemsbu/,https://twitter.com/hashtag/,https://twitter.com/sburesearch/
University of California Riverside,https://twitter.com/ucrdelts/,http://twitter.com/UCRADPi/,https://twitter.com/ucrsom/,https://twitter.com/jijennings/,https://twitter.com/hashtag/
University of Delaware ,https://twitter.com/meaghandavidson/,https://twitter.com/woodsy_516/,https://twitter.com/naemorg/,https://twitter.com/NAEMorg/,https://twitter.com/udbhlp/
University of San Diego,https://twitter.com/sdsu/,https://twitter.com/bar_secrets/,https://twitter.com/Bar_Secrets/,https://twitter.com/thedailyaztec/
Drexel University,https://twitter.com/lregouby/,https://twitter.com/Doctor_Kellogg/,https://twitter.com/TheDunnSchool/,https://twitter.com/courtcapehart/,https://twitter.com/drexelfsae/
New Jersey Institute of Technology,https://twitter.com/aharrymoore1/,https://twitter.com/lindsayfoglioed/,https://twitter.com/njtech/,https://twitter.com/adgnaw/,https://twitter.com/nosesecret/
Saint Lous University,https://twitter.com/SLUShakti/,https://twitter.com/studurando/,https://twitter.com/hashtag/,https://twitter.com/slumadrid/
Texas Christian University,https://twitter.com/realCoachG/,https://twitter.com/natcarlson/,https://twitter.com/paigeajones/,https://twitter.com/DanDoesChem/,https://twitter.com/thehornedfrogs/
University of Denver,https://twitter.com/uofdenver/,https://twitter.com/postsecret/,https://twitter.com/regisuniversity/,https://twitter.com/phillipsamy/,https://twitter.com/professor_cheri/
University of San Francisco,https://twitter.com/JSkyFernandes/,https://twitter.com/sfsu/,https://twitter.com/tombed/,https://twitter.com/SalesforceEdu/,https://twitter.com/sfsuconfessions/
Yeshiva University,https://twitter.com/yunmunsecgen/,https://twitter.com/AriLamm/,https://twitter.com/rabbiherzfeld/,https://twitter.com/lisachalik?lang=el/,https://twitter.com/YeshivaLink/
Auburn University,https://twitter.com/chriswareagle/,https://twitter.com/AUHarbertBiz/,https://twitter.com/auceofspades/,https://twitter.com/BAustin34/,https://twitter.com/ausustain/
Creighton University,
Howard University,https://twitter.com/howardu/,https://twitter.com/whuttv/,https://twitter.com/hashtag/,https://twitter.com/roberttpalmer/
Loyola University Chicago,
Rochester Institute of Technology,https://twitter.com/RIT_artdesign/,https://twitter.com/egsrit/,https://twitter.com/ritsmashclub/,https://twitter.com/RITtigers/,https://twitter.com/ritmagic/
Temple University,
University of California Merced,https://twitter.com/UCMercedAlumni/,https://twitter.com/ucmerced/
University of COlorado Boulder,https://twitter.com/cublibraries/,https://twitter.com/bouldertheory/,https://twitter.com/cuboulder/
University of Oregon,https://twitter.com/emilyreyes1024/,https://twitter.com/uoregon/,https://twitter.com/uocas/,https://twitter.com/UODuckTV/
University of South Carolina,
University of South Florida,
University of Tennessee,https://twitter.com/postsecret/,https://twitter.com/tennalum/,https://twitter.com/jenndebruyn/,https://twitter.com/paulhjennings/,https://twitter.com/vol_football/
University of Utah,https://twitter.com/uutah/,https://twitter.com/uutah?lang=de/,https://twitter.com/UUtah/,https://twitter.com/uutah?lang=ms/
Arizona State University Tempe,https://twitter.com/ASU/,https://twitter.com/asu/
Clarkson University,https://twitter.com/thechucksears/,https://twitter.com/realsilvertuna_/,https://twitter.com/belaman/,https://twitter.com/proftmarsh/,https://twitter.com/aleccimini/
Illinois Institute of Technology,https://twitter.com/IITStuart/,https://twitter.com/kellycherwin/,https://twitter.com/ToddLighty/,https://twitter.com/milsab/,https://twitter.com/intm_iit/
University of Arizona,https://twitter.com/asunews/,https://twitter.com/AZRegents/,https://twitter.com/littledre_2/,https://twitter.com/arizonaalumni/,https://twitter.com/uazmsa/
Iowa State University,https://twitter.com/isuadmirers/,https://twitter.com/greekweekisu/,https://twitter.com/iastate_secrets/,https://twitter.com/_unisecrets/,https://twitter.com/ISUPreservation/
SUNY College of Environmental Science and Forestry,https://twitter.com/barchwang/,https://twitter.com/secretlentil/,https://twitter.com/jeffdoser18/,https://twitter.com/hashtag/,https://twitter.com/campfire_wild/
University of Tulsa,https://twitter.com/bropostle/,https://twitter.com/geoclub_tu/,https://twitter.com/Trader_Tyler99/,https://twitter.com/tulsagamemaster/,https://twitter.com/amycoretz/
University of Vermont,https://twitter.com/cdaeatuvm/,https://twitter.com/uvmotc/,https://twitter.com/uvm_orientation/,https://twitter.com/uvm_upb/,https://twitter.com/uvm_libraries/
Chapman University,https://twitter.com/chapmannews/,https://twitter.com/hsubox/,https://twitter.com/ChapmanCoPA/,https://twitter.com/chapmanproblems/,https://twitter.com/michaelshermer/
DePaul University,
Simmons University,https://twitter.com/dorm_dad/,https://twitter.com/_UNISecrets/,https://twitter.com/iesanda/,https://twitter.com/theintercept/
University of New Hampshire,https://twitter.com/nickolibrice/,https://twitter.com/craigmedwards/,https://twitter.com/AgIsAmerica/,https://twitter.com/unhextension/,https://twitter.com/unhresearchnews/
University of the Pacific,https://twitter.com/overstweet/,https://twitter.com/asuopae/,https://twitter.com/coachjoey3/,https://twitter.com/rhutley/,https://twitter.com/iambiggie503/
Drake University,
University of Kansas,https://twitter.com/kuconfessionss/,https://twitter.com/KCStar/,https://twitter.com/hashtag/,https://twitter.com/KUnews/,https://twitter.com/ku_confessions/
Duquesne University,https://twitter.com/duqfb/,https://twitter.com/mrrodg16/,https://twitter.com/gbarnhisel/,https://twitter.com/extremefriday/,https://twitter.com/Nikki_Davis_480/
Rutgers University NEwardk,https://twitter.com/rutgers_newark/,https://twitter.com/run_hllc/,https://twitter.com/ruformdesign/,https://twitter.com/patrickshafto/,https://twitter.com/rutgers_pd/
University of Dayton,https://twitter.com/BlackburnReview/,https://twitter.com/DaytonSportMgt/,https://twitter.com/froehlje/,https://twitter.com/twitter/,https://twitter.com/amandandel/
Univiersity of Illinois Chicago,https://twitter.com/uicnews/,https://twitter.com/jeffrey_kessler/,https://twitter.com/thisisuic/,https://twitter.com/sustainableuic/,https://twitter.com/uihealth/
University of Kentucky,
University of La Verne,https://twitter.com/DrK_WhiteSmith/,https://twitter.com/jmsmith1515/,https://twitter.com/ericborer?lang=eu/,https://twitter.com/phisig_laverne/,https://twitter.com/NopeFruityLoops/
University of Oklahoma,https://twitter.com/ourufneks/,https://twitter.com/OUItalian/,https://twitter.com/hashtag/,https://twitter.com/uofoklahoma/
The Catholic University of America,https://twitter.com/cua_nn1/,https://twitter.com/abbyaracua/,https://twitter.com/aaron_kelly22?lang=da/,https://twitter.com/CatholicUniv/,https://twitter.com/catholicu_mbb/
Oregon State University,https://twitter.com/statuses/,https://twitter.com/theatreosu/,https://twitter.com/teamgfr/,https://twitter.com/oregonstate/
Seattle University,https://twitter.com/burgessct/,https://twitter.com/uwsecrets/,https://twitter.com/secretseattle/,https://twitter.com/TheDunnSchool/
Seton Hall University,https://twitter.com/_missdest/,https://twitter.com/shudiploalum?lang=ca/,https://twitter.com/MiscOutdated/,https://twitter.com/nickerr99/,https://twitter.com/zackswantek/
University of Cincinnati,https://twitter.com/ucsustainable?lang=da/,https://twitter.com/uc_daap/,https://twitter.com/biologyuc/,https://twitter.com/UC_CCM/,https://twitter.com/uc_secrets/
University of Missouri,https://twitter.com/mizzoutne/,https://twitter.com/msusecrets/,https://twitter.com/mizzousecrets/,https://twitter.com/mizzousociology/,https://twitter.com/mosoexposure/
University of Nebraska Lincoln,https://twitter.com/adamsjackson_/,https://twitter.com/unlincoln/,https://twitter.com/UNLincoln/,https://twitter.com/DougBush2/,https://twitter.com/unlmathematics/
University of St. Thomas,https://twitter.com/365_Houston/,https://twitter.com/ustsecretadmire/,https://twitter.com/tommiealumni/,https://twitter.com/stthomashouston/,https://twitter.com/ustcadenza/
Michigan technological University,https://twitter.com/rachel_gauthier/,https://twitter.com/slsidortsova/,https://twitter.com/open_michigan/,https://twitter.com/mtuarchives/,https://twitter.com/wwhack2016/
Samford University,https://twitter.com/sports_biz_prof/,https://twitter.com/alphadeltapi/,https://twitter.com/samfordcrimson/,https://twitter.com/CliftonEason/,https://twitter.com/sarahswain98/
San Diego State University,https://twitter.com/sdsu/,https://twitter.com/SDSU/,https://twitter.com/bar_secrets/,https://twitter.com/thedailyaztec/
University at Albany SUNY,https://twitter.com/ualbanywbb/,https://twitter.com/ualbanybap/,https://twitter.com/fbialbany/,https://twitter.com/ualbanywgo/,https://twitter.com/ualbanyconfess/
University of St. Joseph,https://twitter.com/hashtag/,https://twitter.com/saintjosephs/,https://twitter.com/sjuhawknews/,https://twitter.com/baseballgaels/
University of Texas Dallas,https://twitter.com/dbusecrets/,https://twitter.com/ut_dallas/,https://twitter.com/brainhealth/,https://twitter.com/smu/,https://twitter.com/ciutdallas/
George Mason University,https://twitter.com/TheAtlantic/,https://twitter.com/mvhaydencenter/,https://twitter.com/GeorgeMasonU/,https://twitter.com/JadePinkSameera/
Louisiana State University Baton Rouge,https://twitter.com/lsu/
Mercer University ,https://twitter.com/__this_ty__/,https://twitter.com/fuadbatteh/,https://twitter.com/tentoads4truth/,https://twitter.com/jules0125/,https://twitter.com/mercergirlc4/
the NEw School,https://twitter.com/NYschoolSecrets/,https://twitter.com/thenewschool/,https://twitter.com/parsonsdesign/,https://twitter.com/nyschoolsecrets/
Quinnipiac University,https://twitter.com/opiejohn21/,https://twitter.com/MSNBC/,https://twitter.com/qu_mbb/,https://twitter.com/quinnipiacpoll/,https://twitter.com/quinnipiacu/
Thomas Jefferson University,
University of Alabama,https://twitter.com/Tuaamann_/,https://twitter.com/UofAlabama/,https://twitter.com/JayBilas/,https://twitter.com/hashtag/,https://twitter.com/college_secrets/
University of Arkansas ,https://twitter.com/arkatechnews/,https://twitter.com/emran042/,https://twitter.com/ucareynolds/,https://twitter.com/blair_center/,https://twitter.com/college_secrets/
Valparaiso University,https://twitter.com/WaitItsMJ/,https://twitter.com/kennedymooreeee/,https://twitter.com/hashtag/,https://twitter.com/csperling44/
Hofstra University,https://twitter.com/hofstrau/,https://twitter.com/pinkhofstra/,https://twitter.com/HUPostSecret/,https://twitter.com/hofstrau?lang=eu/,https://twitter.com/hofstraU/
Kansas State University,https://twitter.com/KStateArtSci/,https://twitter.com/alphachi_at_ksu/,https://twitter.com/kstatelibraries/,https://twitter.com/sigkap_at_ksu/,https://twitter.com/ksuedcats/
University of Mississippi,https://twitter.com/olemissenglish/,https://twitter.com/olemissrebels/,https://twitter.com/uofmsgradschool/
Virginia Commoonwealth University,https://twitter.com/vcunews/,https://twitter.com/VCU/,https://twitter.com/vculibraries/,https://twitter.com/vcu/,https://twitter.com/vcu_gehli/
Adelphi University,https://twitter.com/fiori_katherine/,https://twitter.com/hashtag/,https://twitter.com/au_psychology/,https://twitter.com/bigk28/,https://twitter.com/adelphiumedia?lang=hi/
Belmont University,https://twitter.com/marykocina/,https://twitter.com/ursaultimate/,https://twitter.com/caseyalexander_/,https://twitter.com/kklotz_2/,https://twitter.com/lauren___ash/
Colorado State University,https://twitter.com/4mypham/,https://twitter.com/airscottdenning/,https://twitter.com/csugrlprobs/,https://twitter.com/tpusacsurams/
Montclair State University,https://twitter.com/andrewlerner1/,https://twitter.com/ethanhein/,https://twitter.com/ryteinstitute/,https://twitter.com/bog_idiot_art/,https://twitter.com/EarthMontclair/
Rowan University,https://twitter.com/erinstrout/,https://twitter.com/_alliefogle/,https://twitter.com/mgcareercoach/,https://twitter.com/brownretah/,https://twitter.com/RowanUniversity/
Tutgers University Camden,https://twitter.com/rutgers_pd/,http://twitter.com/adampopescu/,https://twitter.com/animeruc/,https://twitter.com/ruaaup/
St. John Fisher College,https://twitter.com/kmg03326/,https://twitter.com/cardinaltv/,https://twitter.com/johnnyphisher/,https://twitter.com/endgamethemovie/,https://twitter.com/pele_fan/
University of Alabama Brimingham,https://twitter.com/drjoshk/,https://twitter.com/AniaKrutul/,https://twitter.com/cd_daniels2/,https://twitter.com/dodiedunson/,https://twitter.com/DrJeanneM/
University of central Florida,https://twitter.com/ucf/,http://twitter.com/UCFSportsInfo/,https://twitter.com/jennaabard/,https://twitter.com/UCF/
University of Hawaii Manoa,https://twitter.com/semesterhawaii/,https://twitter.com/secretservice/,https://twitter.com/uhmanoa/,https://twitter.com/UHPRESSNEWS/,https://twitter.com/rainbowallianc3/
University of Maryland Baltimore County,
University of Rhode Islan,https://twitter.com/rhodysoftball/,https://twitter.com/riinbre/,https://twitter.com/RIINBRE/,https://twitter.com/jilldoerner/,https://twitter.com/khurshid_luna/
Washington State University,https://twitter.com/wsusecrets/,https://twitter.com/coachbriangreen/,https://twitter.com/wsuvancouver/,https://twitter.com/chemoengineer/,https://twitter.com/City_of_Pullman/
Gallaudet University,https://twitter.com/jaredev/,https://twitter.com/gish/,https://twitter.com/dstmgallaudet/,https://twitter.com/hashtag/
Missouri University of Science and Technology,https://twitter.com/mizzouenglish/,https://twitter.com/elenibickell/,https://twitter.com/johnathandunker/,https://twitter.com/francaoi/,https://twitter.com/hashtag/
St. John's University,https://twitter.com/stjohnsglobal/,https://twitter.com/overheardat_sju/,https://twitter.com/stjohnsu/,https://twitter.com/sjutemecula/
University of Detroit Mercy,
University of Idaho,https://twitter.com/IdahoTrack/,https://twitter.com/uidaho/,https://twitter.com/mitchparks/,https://twitter.com/malprior/,https://twitter.com/VandalTea/
University of Massachusetts Lowell,https://twitter.com/tsongasihc/,https://twitter.com/umlbioclub/,https://twitter.com/j_thelantigua/,https://twitter.com/UML_CollegeofEd/,https://twitter.com/umlsciences/
Biola University,https://twitter.com/biolasecrets/,https://twitter.com/Sean_McDowell/,http://twitter.com/Sean_McDowell/,https://twitter.com/biolau/,https://twitter.com/sean_mcdowell/
Chatham University,https://twitter.com/tabtweets15/,https://twitter.com/chathammpw/,https://twitter.com/lachatham/,https://twitter.com/jamiejbartlett/
Ohio University,https://twitter.com/i/,https://twitter.com/ouab/,https://twitter.com/OhioState/,https://twitter.com/ohiou/,https://twitter.com/osuengineering/
Pacific University,https://twitter.com/overstweet/,https://twitter.com/iambiggie503/,https://twitter.com/asuopae/,https://twitter.com/Overstweet/,https://twitter.com/coachrich24?lang=fi/
Union University,https://twitter.com/unt_upc/,https://twitter.com/ouab/,https://twitter.com/UMSUunimelb/,https://twitter.com/_UNISecrets/,https://twitter.com/umsuunimelb/
University of Houston,https://twitter.com/CoachAlanBishop/,https://twitter.com/uhrecreation/,https://twitter.com/pepe_uh/,https://twitter.com/365_houston/,https://twitter.com/uhhousing/
University of North Carolina Wilmington,https://twitter.com/mikaela_davis/,https://twitter.com/JD_Roberson/,https://twitter.com/mscottrill2/,https://twitter.com/liam_gg2/,https://twitter.com/jwbutta/
Ball State University,https://twitter.com/bsu_confessions/,https://twitter.com/bsuccim/,https://twitter.com/madeline_may22/,https://twitter.com/ballstatebb/,https://twitter.com/bkubel/
Miscericordia University,
Oklahoma State University,https://twitter.com/johnsportslaw/,https://twitter.com/okstate2019/,https://twitter.com/osuspj/,https://twitter.com/forostate/,https://twitter.com/thacoachmike/
Seattle Pacific University,https://twitter.com/overstweet/,https://twitter.com/mackenziekelly8/,https://twitter.com/Overstweet/,https://twitter.com/savvyleigh16/
University of Louisville,
Bellarmine University,https://twitter.com/bellarmineU/,https://twitter.com/elephantmusic36/,https://twitter.com/hashtag/,https://twitter.com/beaubraden/
Bethel University,https://twitter.com/joviewilky/,https://twitter.com/annarobins97/,https://twitter.com/zachhillmn/,https://twitter.com/joemorgan1500/,https://twitter.com/mvantryon/
Illinois State University,
Loyola University New Orleans,https://twitter.com/baritoneaus/,https://twitter.com/lalegalethics/,https://twitter.com/stacyhollowell/,https://twitter.com/calebbeckirl/,https://twitter.com/roslynchin106/
Towson University,https://twitter.com/natkern/,https://twitter.com/niece0711/,https://twitter.com/jaeheyliger/,https://twitter.com/clarkkieo2226/,https://twitter.com/mike_bunson/
Edgewood College,https://twitter.com/Ellen_M_Foley/,https://twitter.com/coachchaiahuff?lang=tr/,https://twitter.com/ellen_m_foley/,https://twitter.com/michellejunaid/,https://twitter.com/UWMadison/
Florida Institute of Technology,https://twitter.com/team_fip/,https://twitter.com/donnaantebi/,https://twitter.com/kit411/,https://twitter.com/micah_oltmann/,https://twitter.com/hashtag/
Maryville University of St. Louis,https://twitter.com/j_cualyn/,https://twitter.com/MvillePawprint/,https://twitter.com/dkornycoach/,https://twitter.com/bjraphael/
Pace University,https://twitter.com/paceusecrets/,https://twitter.com/paceboardnyc/
Regis University,https://twitter.com/regisuniversity/,https://twitter.com/ancell_ryan/,https://twitter.com/hashtag/,https://twitter.com/diasecrets/,https://twitter.com/regisuevents/
Robert Morris University,http://twitter.com/rmu/,https://twitter.com/rmu/,https://twitter.com/topseccolonials/
University of Maine,https://twitter.com/abby_gail97/,https://twitter.com/hendopolis/,https://twitter.com/capthook02/,https://twitter.com/umaine/
University of St. Francis,https://twitter.com/PrincipalSlee/,https://twitter.com/tryysaratops/,https://twitter.com/ayy_hayy22/,https://twitter.com/steven_paulus/,https://twitter.com/allison_weidner/
Widener University,https://twitter.com/i/,https://twitter.com/withlove_ninaa/,https://twitter.com/coachdanconnor/,https://twitter.com/CareersCon/,https://twitter.com/widenersw/
California State University Fresno,https://twitter.com/TheCSUEA/,https://twitter.com/fstheatrearts/,https://twitter.com/fsathletics/,https://twitter.com/WadeWgilbert/,https://twitter.com/coachlisle/
Georgia State University,https://twitter.com/politico/,https://twitter.com/indieATL/,https://twitter.com/i/,https://twitter.com/djwilson_52/,https://twitter.com/gsu_archives/
Immaculta University,https://twitter.com/tellmeastori/,https://twitter.com/catekat_215/,http://twitter.com/adorationserve/,https://twitter.com/olissecretsanta/,https://twitter.com/hashtag/
Kent State University,https://twitter.com/ImUpNext3/,https://twitter.com/blackksuconfess/,https://twitter.com/SecretSigDelts/,https://twitter.com/activemindskent/
Mississippi State University,https://twitter.com/msstate_staff/,https://twitter.com/MSUNewsDigest/,https://twitter.com/mstatecorn/,https://twitter.com/pkuplift/,https://twitter.com/aldermanwynn/
University of Hartford,https://twitter.com/dejohn_5/,https://twitter.com/gregfreidline/,https://twitter.com/erikostberg21/,https://twitter.com/jasonryanmd/,https://twitter.com/hashtag/
Wilkes University,
Clarke University,https://twitter.com/mheinzerling/,https://twitter.com/kd_clarke/,https://twitter.com/dardar_binks/,https://twitter.com/khunley98/,https://twitter.com/clarkeathletics/
Flordia International University,https://twitter.com/fiucheer/,https://twitter.com/FIUBusiness/,https://twitter.com/juliocapojr/,https://twitter.com/fiu/
Gannon University ,https://twitter.com/postsecret/,https://twitter.com/emschnegg/,https://twitter.com/FurorRises/,https://twitter.com/hashtag/,https://twitter.com/jayyhays13/
Hampton University,https://twitter.com/joshbtrainin/,https://twitter.com/hbcufessions/,https://twitter.com/Coach_MHamilton/,https://twitter.com/hashtag/,https://twitter.com/ophioxiv/
Lipscomb University,https://twitter.com/alanacollins08/,https://twitter.com/lipscombgov/,https://twitter.com/bisonbaseball/,https://twitter.com/coachosburn/,https://twitter.com/willbrewer6?lang=fa/
Sacred Heart University,https://twitter.com/justinw_21/,https://twitter.com/anthonylatina/,https://twitter.com/DaGreatWol56/,https://twitter.com/hashtag/,https://twitter.com/AlphaDeltaPi/
Texas Tech University,https://twitter.com/texastechmbb/,https://twitter.com/coach_jreilly/,https://twitter.com/SecretsOfTTU/
University of Massachusetts Dartmouth,https://twitter.com/tburtonm/,https://twitter.com/UMassDEats/,https://twitter.com/umdgorilla/,https://twitter.com/nicolechahwan/,https://twitter.com/umassd/
University of New Mexico,https://twitter.com/unmspa/,https://twitter.com/christinadanth/,https://twitter.com/UNMLoboXCTF/,https://twitter.com/unmconfessions/,https://twitter.com/TracyUNM/
Western New England University,https://twitter.com/wneconnections/,https://twitter.com/MatthewSteneri/,https://twitter.com/damourlibrary/,https://twitter.com/wne_dpas/,https://twitter.com/mkearsley25/
Azusa Pacific University,
CUNY city College ,https://twitter.com/i/,https://twitter.com/BklynCollege411/,https://twitter.com/nyschoolsecrets/,https://twitter.com/yoanaboleaga1/,https://twitter.com/hashtag/
East Carolina University,https://twitter.com/ecupartygirls/,https://twitter.com/biggiekee/,https://twitter.com/ninabaloun/,https://twitter.com/malikh151/,https://twitter.com/Sabra/
Grand Valley State University,https://twitter.com/gvsuhtm/,https://twitter.com/gvsulmb/
