Princeton University,https://twitter.com/princetonhum/,https://twitter.com/PrincetonHum/,https://twitter.com/univpressclub/,https://twitter.com/princetonian/,https://twitter.com/123catherinep/
Harvard University,https://twitter.com/collegefesh/,https://twitter.com/collegeconfes12/,https://twitter.com/nick_kapur/,https://twitter.com/hashtag/,https://twitter.com/IvyConfessions/
Columbia University,https://twitter.com/postcardofexile/,https://twitter.com/sconfession1801/,https://twitter.com/columbia/,https://twitter.com/columbiaspec/,https://twitter.com/ialthouse/
Massachusetts Institute of Technology,https://twitter.com/uitmconfession/,https://twitter.com/Tentoads4truth/,https://twitter.com/billbrowder/,https://twitter.com/dashacastle/,https://twitter.com/confessionsumb/
Yale University,https://twitter.com/Yale/,https://twitter.com/wesclassconfess/,https://twitter.com/yasirqadhi/,https://twitter.com/ivyconfessions?lang=fi/,https://twitter.com/IvyConfessions/
Stanford University,https://twitter.com/stanuconfession/,https://twitter.com/flyersconfess/,https://twitter.com/confessions_hh/,https://twitter.com/stanfordunrated/
University of Chicago,https://twitter.com/uchicagossd/,https://twitter.com/cuc_confessions?lang=tr/,https://twitter.com/luc_confessions/,https://twitter.com/_unisecrets/,https://twitter.com/bigbluefessions/
University of Pennsylvania,https://twitter.com/caluconfession/,https://twitter.com/fessionspa2/,https://twitter.com/penn_fessions/,https://twitter.com/psuconfesses/,https://twitter.com/ipennconfession/
Northwestern University,https://twitter.com/tracykeogh2/,https://twitter.com/unohconfessions/,https://twitter.com/northwesternsps/,https://twitter.com/NorthwesternU/,https://twitter.com/thelyceanagenda/
Duke University,https://twitter.com/therivalduke/,https://twitter.com/dukeconfessions/,https://twitter.com/dukedigitalcoll/,https://twitter.com/RealNccu/,https://twitter.com/msuconfess/
Johns Hopkins University,https://twitter.com/jhu_confessions/,https://twitter.com/jaylevingleba?lang=es/,https://twitter.com/i/,https://twitter.com/saisobserver/,https://twitter.com/nattyheartjhmi/
California Institute of Technology,https://twitter.com/confessionsuci/,https://twitter.com/caltech/,https://twitter.com/spaconfessions/,https://twitter.com/hashtag/,https://twitter.com/chemlabmishaps/
Darthmouth College,https://twitter.com/dartmouthcrush/,https://twitter.com/ivyfessions/,https://twitter.com/dartmouth/,https://twitter.com/hashtag/
Brown University,https://twitter.com/uarkconfessions/,https://twitter.com/_UNISecrets/,https://twitter.com/jbuconfessions/,https://twitter.com/_unisecrets/
University of Notre Dame,https://twitter.com/ndministry/,https://twitter.com/spirit_irish/,https://twitter.com/NDMinistry/,https://twitter.com/notredame/
Vanderbilt University,https://twitter.com/tamuconfess/,https://twitter.com/CollegeConfess6/,https://twitter.com/bigbluefessions/,https://twitter.com/lkfazio/,https://twitter.com/vandyconfession/
Cornell University,https://twitter.com/cuconfess/,https://twitter.com/CUConfess/
Rice University,https://twitter.com/texas_college/,https://twitter.com/RiceCampanile/,https://twitter.com/NTCollegeU/,https://twitter.com/ricecampanile/,https://twitter.com/riceuniversity/
Washington University in St. Louis,https://twitter.com/volatilebug/,https://twitter.com/washu_pnp/,https://twitter.com/wustl/,https://twitter.com/kevinycho/,https://twitter.com/sluhjrbills/
University of California Los Angeles,https://twitter.com/ucpress/,https://twitter.com/ucla_confession/,https://twitter.com/socalfession/,https://twitter.com/funkahuatl/,https://twitter.com/calstateconfess/
Emory University,https://mobile.twitter.com/GatoRaas/,https://twitter.com/deboleena_roy/,https://twitter.com/_unisecrets/,https://twitter.com/tijsatemory/,https://twitter.com/gsuconfessions4/
University of Californai Berkely,https://twitter.com/ucpress/,https://twitter.com/marleyp_/,https://twitter.com/uniconfess/,https://twitter.com/AuthorAbhishekR/,https://twitter.com/deandad/
University of SOuthern California,https://twitter.com/collegefessing/,https://twitter.com/socalfession/,https://twitter.com/socalfessions/,https://twitter.com/whisperonusc/,https://twitter.com/uscconfessions/
Georgetown University,https://twitter.com/suconfession/,https://twitter.com/lexicotcamp/,https://twitter.com/thehoya/,https://twitter.com/GeorgetownCSS/,https://twitter.com/shusecrets_xoxo/
Carnegie Mellon University,https://twitter.com/CMU%20Confessions/,https://twitter.com/cmuconfessions3/,https://twitter.com/emilymac23/,https://twitter.com/cmuconfessions/,https://twitter.com/wadhwa/
University of Michigan Ann Arbor,
Wake Forest University,https://twitter.com/markrabil03/,https://twitter.com/wfuconfessions/,https://twitter.com/confessions_ru/,https://twitter.com/accfession/
University of Virginia,https://twitter.com/uvaconfessions/,https://twitter.com/raasconfession/,https://twitter.com/virginiaconfess/,https://twitter.com/imaspyy/,https://twitter.com/uvawisecrushpag/
Georgia Institute of Technology,https://twitter.com/swati1729/,https://twitter.com/confessionsftb/,https://twitter.com/gainingriches/,https://twitter.com/duffy_ma/
New York University,https://twitter.com/cuconfess/,https://twitter.com/acsfessions/,https://twitter.com/unifessions/,https://twitter.com/nyu_confessions/,https://twitter.com/huconfessionss/
Tufts University,https://twitter.com/tuftscelt/,https://twitter.com/tuftstv/,https://twitter.com/HBCUfessions/,https://twitter.com/tuftsconfession/,https://twitter.com/confessbu/
University of North Carolina Chapel Hill,https://twitter.com/CBHessick/,https://twitter.com/greg_doucette/,https://twitter.com/Chalkaa/,https://twitter.com/carolinaconfess/
University of Rochester,https://twitter.com/OUconfessions_/,https://twitter.com/urhumanities/,https://twitter.com/cuconfess/,https://twitter.com/rcfessions?lang=th/,https://twitter.com/johncovach/
University of California Santa Barbara,https://twitter.com/cpconfessions/,https://twitter.com/confessionsucsb/,https://twitter.com/suswater/,https://twitter.com/michaelshermer/
University of Florida,https://twitter.com/ucf_confessions/,https://mobile.twitter.com/GatoRaas/,https://twitter.com/ufindlayconfess/,https://twitter.com/gatorconfession/,https://twitter.com/c0llegeconfess1/
University of California Irvine,https://twitter.com/confessionsuci/,https://twitter.com/csun_confession/,https://twitter.com/marklieber/,https://twitter.com/ihsvaqueros/,https://twitter.com/cekubrin/
Boston College,https://twitter.com/collegefessing/,https://twitter.com/bostonscloset/,https://twitter.com/hashtag/,https://twitter.com/confessbu/,https://twitter.com/confessionsumb/
University of California San Diego,
University of California Davis,https://twitter.com/dredwardjkim/,https://twitter.com/rekaireb/,https://twitter.com/doc_jd_/,https://twitter.com/KevinMKruse/,https://twitter.com/cbumemes/
Boston University,https://twitter.com/neu_confessions/,https://twitter.com/confessionsumb/,https://twitter.com/confessbu/
Brandeis University,https://twitter.com/kylejacobs_/,https://twitter.com/neu_confessions/,https://twitter.com/hashtag/,https://twitter.com/confessbu/,https://twitter.com/confessionsumb/
Case Western Reserve University,https://twitter.com/cwru_confession/,https://twitter.com/casekismat/,https://twitter.com/hashtag/,https://twitter.com/transliterature/
College of William and Mary,https://twitter.com/sharonvarghese6/,https://twitter.com/e_p_wells/,https://twitter.com/nphs_fessions/,https://twitter.com/gtowncollege/,https://twitter.com/hashtag/
Norteastern University,https://twitter.com/neu_confessions/
Tulane University,https://twitter.com/collegefessing/,https://twitter.com/rickcrozier/,https://twitter.com/collegefuck_/,https://twitter.com/tulconfessions/,https://twitter.com/andrewfromusa/
University of Wisconsin Madison,https://twitter.com/realuwconfess/,https://twitter.com/tehshikyoon/,https://twitter.com/bbuwconfessions/,https://twitter.com/uwmadisonmedia/,https://twitter.com/madclassof2018/
Villanova University,https://twitter.com/novaconfessions/,https://twitter.com/falveylibrary?lang=es/,https://twitter.com/notfrpeter/,https://twitter.com/villanovau/,https://twitter.com/MattGrasso5/
University of Illinois Urbana Champaign,https://twitter.com/BrentWRoberts/,https://twitter.com/con_fact_ions/,https://twitter.com/confessolemiss/,https://twitter.com/confessuiuc/,https://twitter.com/isuconfess/
University of Texas Austin,https://twitter.com/utconfess/,https://twitter.com/utaustinconfess/,https://twitter.com/ut_whisper/,https://twitter.com/longhornconfess/,https://twitter.com/ut_confess/
Lehigh University,https://twitter.com/lu_confess/,https://twitter.com/lehighconfess/
Pepperdine University,https://twitter.com/dgbrunetti/,https://twitter.com/larsonious/,https://twitter.com/csun_confession/,https://twitter.com/CoIlegecfession/
Rensselaer Polytechnic Institute,https://twitter.com/fourfatfowl/,https://twitter.com/cheerdweeb/,https://twitter.com/ualbanyconfess1/,https://twitter.com/ualbanyconfess/,https://twitter.com/lukedvd/
University of Georgia,https://twitter.com/tip_uga/,https://twitter.com/ugamakeouts/,https://twitter.com/_gsuconfessions/,https://twitter.com/pwiconfessions3/,https://twitter.com/gsuconfessions4/
Ohio State University COlumbus,https://twitter.com/osufessions/,https://twitter.com/russdoup32/,https://twitter.com/csccconfessions/,https://twitter.com/osu_cmrs/,https://twitter.com/columbusconfess/
Santa Clara University,https://twitter.com/ucsc_confession/,https://twitter.com/stanford/,https://twitter.com/jess_miers/,https://twitter.com/olopshrine/,https://twitter.com/sfsuconfessions/
Syracuse University,https://twitter.com/syrconfessions/,https://twitter.com/gainingriches/,https://twitter.com/confessions_su/,https://twitter.com/hashtag/,https://twitter.com/CuseExposed/
Florida State University,https://twitter.com/fsu_confess/
Pennsylvania State University University Park,https://twitter.com/psuconfesses/,https://twitter.com/infinityftk/,https://twitter.com/rebeccakmiller/,https://twitter.com/penn_state/,https://twitter.com/psuconfessions/
Purdue University West Lafayette,https://twitter.com/purdueconfesion/,https://twitter.com/impactyourclass/,https://twitter.com/purdueraas/,https://twitter.com/PurdueCCO/,https://twitter.com/csccconfessions/
University of Miami,https://twitter.com/miamiconfessors/,https://twitter.com/collegefessing/,https://twitter.com/confessmiami/,https://twitter.com/miamicrushes/,https://twitter.com/CoIlegecfession/
University of Pittsburg,https://twitter.com/pittconfessions/
Rutgers University New Brunswick,https://twitter.com/confessions_ru/
University of Washington,https://twitter.com/danielbolnick/,https://twitter.com/cwu_confessions/,https://twitter.com/tipiconfess/,https://twitter.com/KimTallBear/,https://twitter.com/hashtag/
Yoyola Marymount University,https://twitter.com/lmuconfession/,https://twitter.com/hashtag/,https://twitter.com/LMULibrary/,https://twitter.com/lmupulse/,https://twitter.com/uscconfessions/
South Methodist University ,https://twitter.com/macalyce/,https://twitter.com/tedacampbell/,https://twitter.com/perkinssmu/,https://twitter.com/smuconfess1/,https://twitter.com/PerkinsSMU/
University of Connecticut,https://twitter.com/tuconncrushes/,https://twitter.com/uconnfessions/,https://twitter.com/uconnconfession/,https://twitter.com/UConnConfession/
University of Maryland College Park,https://twitter.com/umdconfessions/
University of Massachusetts Amherst,https://twitter.com/UMassEnglish/,https://twitter.com/itaisher/,https://twitter.com/henryfarrell/,https://twitter.com/UMassAmherst/
Worcester Polytechnic Institute,https://twitter.com/neu_confessions/,https://twitter.com/uconnconfession/,https://twitter.com/confessbu/,https://twitter.com/kayysooo/,https://twitter.com/confessionsumb/
Clemson University,https://twitter.com/clemfessions/,https://twitter.com/cufessions/,https://twitter.com/msuconfess/,https://twitter.com/cu_confessions/,https://twitter.com/the_juwanprince/
George Washington University,https://twitter.com/gwlaw/,https://twitter.com/raaschaos/,https://twitter.com/suconfessions/,https://twitter.com/hashtag/,https://twitter.com/jjmacnab/
Texas A&M University College Station,https://twitter.com/i/,https://twitter.com/theeagle/,https://twitter.com/legallybeyond/,https://twitter.com/kendrapmack/,https://twitter.com/tamuconfession/
University of Minnesota Twin Cities,
Fordham University,
Stevens Institute of Technology,https://twitter.com/anastasiagreene/,https://twitter.com/2ndmid/,https://twitter.com/stevensfessions/,https://twitter.com/cunyconfessions/,https://twitter.com/pcticonfesses/
Virginia Tech,https://twitter.com/vtdhamaal/,https://twitter.com/hbcufessions/,https://twitter.com/vatechpolice/,https://twitter.com/vtconfessions/,https://twitter.com/rick_devens/
American University,https://twitter.com/confessionau/,https://twitter.com/iasaconfessions/,https://twitter.com/americanu/,https://twitter.com/cmuconfessions3/,https://twitter.com/ksu_confessions/
Brigham Young University Provo,https://twitter.com/erincoxnews/,https://twitter.com/thomasjeferstan/,https://twitter.com/fengwozheng?lang=da/,https://twitter.com/BYU/
Baylor University ,https://twitter.com/confessionsbu/,https://twitter.com/baylor/,https://twitter.com/collegefessing/,https://twitter.com/8semsters/,https://twitter.com/baylor_catholic/
Binghamton University SUNY,https://twitter.com/colgateuniv/,https://twitter.com/sunybingconfess/,https://twitter.com/greenribbon987/,https://twitter.com/binghamtonu/
Gonzaga University,https://twitter.com/ZagConfessions/,https://twitter.com/wsuconfessions4/,https://twitter.com/zagconfessions/
Indiana University Bloomington,https://twitter.com/IUconfessions/,https://twitter.com/iuconfessions/,https://twitter.com/indianafession/
University at Buffalo SUNY,https://twitter.com/sunyconfess/,https://twitter.com/ub_crushes/,https://twitter.com/ubcommunity/,https://twitter.com/FTBrosConfess/,https://twitter.com/confessionsub/
Colorado School of Mines,https://twitter.com/csmcompliments/,https://twitter.com/WillRayValentin/,https://twitter.com/RJ_Phillips32/,https://twitter.com/minesconfession/,https://twitter.com/confessionscsu/
Elon University,
Marquette University,http://twitter.com/MUCollegeofComm/,https://twitter.com/mu_turkey/,https://twitter.com/mu_confess_/,https://twitter.com/muconfessions_/,https://twitter.com/MARQConfessions/
Michigan State University,https://twitter.com/MSUConfessions5/,https://twitter.com/wsuconfessions4/,https://twitter.com/MSUconfess/,https://twitter.com/confess_msu/,https://twitter.com/msuconfess/
North Varolina State University Raleigh,https://twitter.com/ncsu_confession/,https://twitter.com/biguyphd/,https://twitter.com/confessionsnccu/,https://twitter.com/hashtag/,https://twitter.com/NCSU_confession/
University of California Santa Cruz,https://twitter.com/ucsc_confession/,https://twitter.com/stanford/,https://twitter.com/dvhsconfess/,https://twitter.com/jennifergallag/,https://twitter.com/sfsuconfessions/
University of Iowa,https://twitter.com/uiowaconfession/,https://twitter.com/hawkeyesconfess/,https://twitter.com/_unisecrets/,https://twitter.com/isuconfessions/
Clark University,https://twitter.com/aucconfessions3/,https://twitter.com/hbcufessions/
Miami University Oxford,https://twitter.com/miamiconfessors/,https://twitter.com/miamicrushes/,https://twitter.com/MUstreats/,https://twitter.com/redhawkconfess1/,https://twitter.com/miamiohcrushes/
Stony Brook University SUNY,https://twitter.com/ams_ursula/,https://twitter.com/tiso_tt/,https://twitter.com/therealtglotch/,https://twitter.com/DivergingMarket/,https://twitter.com/cuny/
University of California Riverside,https://twitter.com/confessionsuci/,https://twitter.com/csun_confession/,https://twitter.com/maxbusch84/,https://twitter.com/calbaptist/,https://twitter.com/indridih/
University of Delaware ,https://twitter.com/HBCUfessions/,https://twitter.com/udconfession/,https://twitter.com/hbcufessions/,https://twitter.com/delaware_kamaal/
University of San Diego,https://twitter.com/zonafessions/,https://twitter.com/socalfession/,https://twitter.com/uofsandiego/,https://twitter.com/aztesecrets/,https://twitter.com/ucsdconfession/
Drexel University,https://twitter.com/adiezroux/,https://twitter.com/duconfessions/,https://twitter.com/collegefesh/,https://twitter.com/drexelcrushes/,https://twitter.com/ChrisMcKendry/
New Jersey Institute of Technology,https://twitter.com/wpu_confessions/,https://twitter.com/pcticonfesses/,https://twitter.com/cunyconfessions/,https://twitter.com/confessions_ru/,https://twitter.com/nyu_confessions/
Saint Lous University,https://twitter.com/SLUShakti/,https://twitter.com/sluhjrbills/,https://twitter.com/slushakti/
Texas Christian University,https://twitter.com/sfasu/,https://twitter.com/utaustinconfess/,https://twitter.com/HBCUfessions/,https://twitter.com/tsuconfessionss/,https://twitter.com/iamprowells/
University of Denver,https://twitter.com/confessions_du/,https://twitter.com/uccssnaps/,https://twitter.com/KarltonCreechAD/,https://twitter.com/confessdu/,https://twitter.com/denverconfessio/
University of San Francisco,https://twitter.com/sfsuconfessions/,https://twitter.com/usflaw/
Yeshiva University,https://twitter.com/wpu_confessions/,https://twitter.com/confess_msu/,https://twitter.com/sabrisun_miller/,https://twitter.com/cunyconfessions/,https://twitter.com/nyu_confessions/
Auburn University,https://twitter.com/au_confess/,https://twitter.com/rtr_confessions/,https://twitter.com/au_ratchet/,https://twitter.com/auburnfession/,https://twitter.com/secfessions/
Creighton University,https://twitter.com/guptagup14/,https://twitter.com/guyfesslon/,https://twitter.com/gojays_molly/,https://twitter.com/DUtrie/,https://twitter.com/kenzye_mac?lang=pt/
Howard University,https://twitter.com/hbcufessions/
Loyola University Chicago,https://twitter.com/madonnachapel/,https://twitter.com/MadonnaChapel/,https://twitter.com/smbrnsn/,https://twitter.com/luc_confessions/
Rochester Institute of Technology,
Temple University,https://twitter.com/confesslikeafox/,https://twitter.com/tuconfessions_/,https://twitter.com/coilegecfession/,https://twitter.com/templemakeouts/,https://twitter.com/TUConfessions_/
University of California Merced,https://twitter.com/fssocsciences/,https://twitter.com/hashtag/,https://twitter.com/sonyapaz/,https://twitter.com/heatherdc/,https://twitter.com/ASusanaRamirez/
University of COlorado Boulder,https://twitter.com/aaronclauset/,https://twitter.com/collegefessing/,https://twitter.com/confessionscsu/,https://twitter.com/CollegeConfess6/
University of Oregon,https://twitter.com/camyeezy/,https://twitter.com/eou_confessions/,https://twitter.com/osuconfessions/,https://twitter.com/_unisecrets/,https://twitter.com/orconfess?lang=da/
University of South Carolina,https://twitter.com/whisperonusc/,https://twitter.com/sconfession1801/,https://twitter.com/FemaleFession/,https://twitter.com/uofsc/,https://twitter.com/colacocktalk/
University of South Florida,https://twitter.com/collegefessing/,https://twitter.com/usfconfessions_/,https://mobile.twitter.com/GatoRaas/,https://twitter.com/hashtag/,https://twitter.com/imshmacked/
University of Tennessee,https://twitter.com/utknoxville/,https://twitter.com/utknoxc/,https://twitter.com/utmconfessions/,https://twitter.com/bigbluefessions/,https://twitter.com/utk_confessions/
University of Utah,
Arizona State University Tempe,https://twitter.com/asu_openparties/,https://twitter.com/asu_vibes/,https://twitter.com/bdeal90/,https://twitter.com/shmacked_asu/,https://twitter.com/asuconfessions/
Clarkson University,https://twitter.com/tarotnews/,https://twitter.com/kev_wells24/,https://twitter.com/wkuconfessions1/,https://twitter.com/stlawrenceu/,https://twitter.com/mynameisjeff_23/
Illinois Institute of Technology,https://twitter.com/experienceofhs/,https://twitter.com/ccsjconfessions/,https://twitter.com/huntleyhs/,https://twitter.com/niu_confessions/,https://twitter.com/lpettisp/
University of Arizona,https://twitter.com/uofaconfession/,https://twitter.com/confession_ua/,https://twitter.com/uofa_confession/,https://twitter.com/arizonauofa/,https://twitter.com/asuconfessions/
Iowa State University,https://twitter.com/iastate_secrets/,https://twitter.com/_UNISecrets/,https://twitter.com/_unisecrets/,https://twitter.com/isuconfessions/
SUNY College of Environmental Science and Forestry,
University of Tulsa,https://twitter.com/oruconfessions/,https://twitter.com/coilegecfession/,https://twitter.com/collegefessing/,https://twitter.com/bropostle/
University of Vermont,https://twitter.com/kbaczewski/,https://twitter.com/confessuvm/,https://twitter.com/uvm_confessions/
Chapman University,https://twitter.com/cu_dodgecollege/,https://twitter.com/_UNISecrets/,https://twitter.com/hbcufessions/,https://twitter.com/michaelshermer/
DePaul University,https://twitter.com/con_fact_ions/,https://twitter.com/ccsjconfessions/,https://twitter.com/dpuconfessions/,https://twitter.com/sighanem/,https://twitter.com/CoIlegecfession/
Simmons University,https://twitter.com/neu_confessions/,https://twitter.com/HBCUfessions/,https://twitter.com/_unisecrets/,https://twitter.com/confesscollege2/,https://twitter.com/confessbu/
University of New Hampshire,https://twitter.com/collegefessi0ns/,https://twitter.com/unh_confessions/,https://twitter.com/snhuconfessions/
University of the Pacific,https://twitter.com/uapasia/,https://twitter.com/hashtag/,https://twitter.com/seattlepacific/,https://twitter.com/uop_confessions/,https://twitter.com/hpuconfess/
Drake University,https://twitter.com/hbcufessions/,https://twitter.com/_unisecrets/,https://twitter.com/muaesthetics/,https://twitter.com/_UNISecrets/,https://twitter.com/joelandrewz/
University of Kansas,https://twitter.com/kuconfessionss/,https://twitter.com/kutztownconfes1/,https://twitter.com/confessionsku/,https://twitter.com/kuconffesions/,https://twitter.com/ku_confessions/
Duquesne University,https://twitter.com/risss212/,https://twitter.com/duqconfessions/,https://twitter.com/pittconfessions/,https://twitter.com/duquesneconfes4/,https://twitter.com/coilegecfession/
Rutgers University NEwardk,https://twitter.com/RUdental/,https://twitter.com/hashtag/,https://twitter.com/confessions_ru/,https://twitter.com/njmsdeptsurgery/
University of Dayton,https://twitter.com/daytnconfession/,https://twitter.com/wsuconfession/,https://twitter.com/hashtag/,https://twitter.com/confessionsud/,https://twitter.com/patrickdaday/
Univiersity of Illinois Chicago,https://twitter.com/uchicagossd/,https://twitter.com/confessuiuc/,https://twitter.com/brianleiter/,https://twitter.com/LuisRMartinezA/,https://twitter.com/uicprobz/
University of Kentucky,https://twitter.com/ukconfessions/,https://twitter.com/hbcufessions/,https://twitter.com/wkuconfessions1/,https://twitter.com/auconfessions/,https://twitter.com/confessionsnku/
University of La Verne,https://twitter.com/mattg039/,https://twitter.com/csun_confession/,https://twitter.com/hashtag/,https://twitter.com/uscconfessions/
University of Oklahoma,https://twitter.com/ouconfession/,https://twitter.com/ou_confessions/,https://twitter.com/_ouconfessions/,https://twitter.com/o_u_confessions/
The Catholic University of America,https://twitter.com/cuaproblems/,https://twitter.com/ccpecknold/
Oregon State University,https://twitter.com/confession_u/,https://twitter.com/polingconfess/,https://twitter.com/osuconfession/,https://twitter.com/osuconfessions/,https://twitter.com/osu_ati_confess/
Seattle University,https://twitter.com/sulawrev?lang=it/,https://twitter.com/danielbolnick/,https://twitter.com/tipiconfess/,https://twitter.com/seattlepacific/,https://twitter.com/lopesconfess/
Seton Hall University,
University of Cincinnati,https://twitter.com/cpaconfessions/,https://twitter.com/ucconfession/,https://twitter.com/ucollegeconfes/,https://twitter.com/bcatconfessions/,https://twitter.com/uconf_cincy/
University of Missouri,https://twitter.com/mizzouconfess/,https://twitter.com/muconfessions/,https://twitter.com/mostateconfess/,https://twitter.com/hashtag/,https://twitter.com/mizzoufessions/
University of Nebraska Lincoln,https://twitter.com/theschooner/,https://twitter.com/Adam_Morfeld/,https://twitter.com/ADR_Prof/,https://twitter.com/unlproblems/,https://twitter.com/ucollegene/
University of St. Thomas,https://twitter.com/stu_campusmin/,https://twitter.com/ccpecknold/,https://twitter.com/tommiemedia/,https://twitter.com/csmatuva/,https://twitter.com/_UNISecrets/
Michigan technological University,https://twitter.com/mtuconfessions/,https://twitter.com/MTUConfessions/
Samford University,
San Diego State University,https://twitter.com/sdsucrushes/,https://twitter.com/socalfession/,https://twitter.com/sdsu_koala/,https://twitter.com/semsters_8/,https://twitter.com/aztesecrets/
University at Albany SUNY,https://twitter.com/UAlbanyConfess1/,https://twitter.com/udconfession/,https://twitter.com/ualbanyconfess1/,https://twitter.com/ua_crushes/,https://twitter.com/ualbanyconfess/
University of St. Joseph,https://twitter.com/mec_confessions/,https://twitter.com/SJCJHConfessio1/,https://twitter.com/collegeconfes12/,https://twitter.com/sjuhawknews/,https://twitter.com/mount_probs/
University of Texas Dallas,https://twitter.com/msautdallas/,https://twitter.com/activeminds_utd/,https://twitter.com/utdresearch/,https://twitter.com/utddesiconfess/,https://twitter.com/uarkconfessions/
George Mason University,https://twitter.com/gmuconfessions/
Louisiana State University Baton Rouge,https://twitter.com/taysteetayy/,https://twitter.com/juanramirezzz13/,https://twitter.com/secretacc1942/,https://twitter.com/leah_dun_pow/,https://twitter.com/anthonyispotato/
Mercer University ,https://twitter.com/oceanawilcox/,https://twitter.com/allieware22/,http://twitter.com/pyt_cruz/,https://twitter.com/shawdo3/,https://twitter.com/cheyanne_gordon/
the NEw School,https://twitter.com/confessionuofm/,https://twitter.com/prepfessions/,https://twitter.com/astateconfess/,https://twitter.com/newfess/,https://twitter.com/CheerFessions1/
Quinnipiac University,https://twitter.com/roxanedavistv/,https://twitter.com/guyfesslon/,https://twitter.com/uconnfessions/,https://twitter.com/hashtag/,https://twitter.com/uconnconfession/
Thomas Jefferson University,https://twitter.com/amy_mandigo?lang=ar/,https://twitter.com/udconfession/,https://twitter.com/hashtag/,https://twitter.com/confessions_ru/,https://twitter.com/stoconfessed/
University of Alabama,https://twitter.com/rtrconfessions/,https://twitter.com/rtr_confessions/,https://twitter.com/confessionstroy/
University of Arkansas ,https://twitter.com/uarkconfessions/,http://twitter.com/UARKConfession1/,https://twitter.com/ArkansasConfess/,https://twitter.com/arkansasconfess/
Valparaiso University,https://twitter.com/valpoc/,https://twitter.com/tywhon3/,https://twitter.com/vuconfession/,https://twitter.com/valpoconfshow/,https://twitter.com/cressetjournal/
Hofstra University,https://twitter.com/CIDRAL_UoM/,https://twitter.com/au_confession/,https://twitter.com/HofCulCtr/,https://twitter.com/cunyconfessions/,https://twitter.com/tfmgirls/
Kansas State University,https://twitter.com/skoolconfessed/,https://twitter.com/gainingriches/,https://twitter.com/missmurry_/,https://twitter.com/iastate_secrets/,https://twitter.com/confesscollege2/
University of Mississippi,https://twitter.com/CCMOleMiss/,https://twitter.com/ccmolemiss/,https://twitter.com/olemissconfesss/,https://twitter.com/confessolemiss/
Virginia Commoonwealth University,https://twitter.com/stanstanciu/,https://twitter.com/aunitaa/,https://twitter.com/ricochetraas/,https://twitter.com/radfordu/,https://twitter.com/VCUnews/
Adelphi University,https://twitter.com/Cart_Winslow/,https://twitter.com/au_confession/,https://twitter.com/cunyconfessions/,https://twitter.com/chynababee/
Belmont University,https://twitter.com/tisltweets/,https://twitter.com/collegefessing/,https://twitter.com/hashtag/,https://twitter.com/bigbluefessions/,https://twitter.com/roomieconfess1/
Colorado State University,https://twitter.com/confessionscmu/,https://twitter.com/csufessions/,https://twitter.com/csuconfessions1/,https://twitter.com/confessionscsu/,https://twitter.com/csupconfessions/
Montclair State University,https://twitter.com/confess_msu/,https://twitter.com/f_alceste/,https://twitter.com/coilegecfession/,https://twitter.com/CollegeConfess6/,https://twitter.com/CoIlegecfession/
Rowan University,https://twitter.com/rowananonymous/,https://twitter.com/profconfession/,https://twitter.com/rowangonewild/
Tutgers University Camden,
St. John Fisher College,https://twitter.com/miabellanicast1/,https://twitter.com/alexandrahristo/,https://twitter.com/ourworse/,https://twitter.com/fisherfession/,https://twitter.com/JStratt21/
University of Alabama Brimingham,https://twitter.com/rtr_confessions/,https://twitter.com/bamacatholic/,https://twitter.com/_vstory/,https://twitter.com/semilledge/,https://twitter.com/dmtoconfess2016/
University of central Florida,https://twitter.com/cmuconfessions3/,https://twitter.com/ucf_confessions/,https://twitter.com/holtonmills/,https://twitter.com/hashtag/
University of Hawaii Manoa,https://twitter.com/uhmconfessions/,https://twitter.com/uhmcreatwrit/,https://twitter.com/tamaralyonne/
University of Maryland Baltimore County,https://twitter.com/aaronscott221/,https://twitter.com/confessionumbc/,https://twitter.com/goucherlibrary/,https://twitter.com/umbcconfess/
University of Rhode Islan,https://twitter.com/bryantuniv/,https://twitter.com/iwcconfessions/,https://twitter.com/uri_confessions/,https://twitter.com/willkuckel/,https://twitter.com/focus_uri/
Washington State University,https://twitter.com/wsu_confess1/,https://twitter.com/wsuconfession/,https://twitter.com/wsuconfessions4/,https://twitter.com/coilegecfession/
Gallaudet University,https://twitter.com/Brad/,https://twitter.com/hashtag/,https://twitter.com/gallaudetu/,https://twitter.com/gallyconfessio1/
Missouri University of Science and Technology,https://twitter.com/rakeemgolden/,https://twitter.com/phikapsrolla/,https://twitter.com/slimsypickins/,https://twitter.com/mstfessions/
St. John's University,
University of Detroit Mercy,https://twitter.com/Requiem102/,https://twitter.com/keeganmkey/,https://twitter.com/jpterzano/,https://twitter.com/hashtag/,https://twitter.com/garymaveal?lang=eu/
University of Idaho,https://twitter.com/uniconfess/,https://twitter.com/ui_video/,https://twitter.com/uidaho/,https://twitter.com/confesscollege2/,https://twitter.com/VandalTea/
University of Massachusetts Lowell,https://twitter.com/umlconfessions_/,https://twitter.com/uml_crushes/
Biola University,https://twitter.com/Sean_McDowell/,https://twitter.com/csun_confession/,https://twitter.com/jacob_keenz/,https://twitter.com/_cconfessions/,https://twitter.com/noah_strenn/
Chatham University,https://twitter.com/UwindsorC/,https://twitter.com/reen1965/,https://twitter.com/pittconfessions/,https://twitter.com/confessionssru/,https://twitter.com/cmuconfessions/
Ohio University,https://twitter.com/ou_confessions/,https://twitter.com/OU_Confessions/,https://twitter.com/oucrushes/
Pacific University,
Union University,https://twitter.com/unionseminary/,https://twitter.com/hbcufessions/,https://twitter.com/ucollegene/,https://twitter.com/hashtag/,https://twitter.com/ucollegeconfess/
University of Houston,https://twitter.com/UHouston/,https://twitter.com/CoogConfessions/,https://twitter.com/uhconfessions_/,https://twitter.com/confessionstxsu/
University of North Carolina Wilmington,https://twitter.com/CampusGoals/,https://twitter.com/greg_doucette/,https://twitter.com/uccvitality/,https://twitter.com/dialoguedel/,https://twitter.com/austinbaird21/
Ball State University,https://twitter.com/confessions_bsu/,https://twitter.com/bsu_confessions/,https://twitter.com/bsuconfessions2/,https://twitter.com/bsufessions/
Miscericordia University,https://twitter.com/buconfession_/,https://twitter.com/ignatiuschicago/,https://twitter.com/hashtag/,https://twitter.com/binghamtonu/
Oklahoma State University,https://twitter.com/wsuconfessions4/,https://twitter.com/sosuconfessions/,https://twitter.com/osuconfession/,https://twitter.com/okstateconfess/,https://twitter.com/ksu_confessions/
Seattle Pacific University,https://twitter.com/SeattlePilots/,https://twitter.com/teresaberry/,https://twitter.com/seattlepacific/,https://twitter.com/theeaglesvoice/,https://twitter.com/aceselling/
University of Louisville,https://twitter.com/uoflconfessions/,https://twitter.com/tayyy_k/,https://twitter.com/cardcrushes1/
Bellarmine University,https://twitter.com/buconfessional/,https://twitter.com/confessionbu/,https://twitter.com/collegeconfes12/,https://twitter.com/bufessions/,https://twitter.com/marykathleenp/
Bethel University,https://twitter.com/bethel_confess/,https://twitter.com/buconfessions/,https://twitter.com/bethelfession/,https://twitter.com/ambberroseee/,https://twitter.com/BUConfessions/
Illinois State University,https://twitter.com/isuconfess/,https://twitter.com/isuconfessions/
Loyola University New Orleans,https://twitter.com/soakatz/,https://twitter.com/i/,https://twitter.com/archdioceseofno/,https://twitter.com/tulconfessions/,https://twitter.com/andrewfromusa/
Towson University,https://twitter.com/tuconfessions/
Edgewood College,
Florida Institute of Technology,https://twitter.com/collegefessing/,https://twitter.com/ucf_confessions/,https://twitter.com/bigmeech60s/,https://twitter.com/confessfit/,https://twitter.com/hashtag/
Maryville University of St. Louis,https://twitter.com/stlouisreview/,https://twitter.com/archstl/,https://twitter.com/gatewayopc/,https://twitter.com/sluhjrbills/,https://twitter.com/slushakti/
Pace University,https://twitter.com/ccpecknold/,https://twitter.com/cunyconfessions/,https://twitter.com/ACSfessions/,https://twitter.com/pacebitches/,https://twitter.com/paceproblems/
Regis University,https://twitter.com/byrneingitdown/,https://twitter.com/hashtag/,https://twitter.com/regismagazine/,https://twitter.com/confessionscsu/,https://twitter.com/rrccedu/
Robert Morris University,https://twitter.com/broconfesslons/,https://twitter.com/Tylersuchy16/,https://twitter.com/colgateuniv/,https://twitter.com/brianabunner/,https://twitter.com/mahjidt/
University of Maine,https://twitter.com/umo_confessions/,https://twitter.com/jeremy_hance/,https://twitter.com/planetcheerbri/,https://twitter.com/kj_online?lang=ca/,https://twitter.com/umainec/
University of St. Francis,https://twitter.com/confessionsusf/,https://twitter.com/usf_confessions/
Widener University,https://twitter.com/udconfession/,https://twitter.com/AntJCook3598/,https://twitter.com/profconfession/,https://twitter.com/Sheed__Banga/,https://twitter.com/stoconfessed/
California State University Fresno,
Georgia State University,https://twitter.com/hbcufessions/,https://twitter.com/gsuconfessions1/,https://twitter.com/_gsuconfessions/,https://twitter.com/pwiconfessions3/,https://twitter.com/gsuconfessions4/
Immaculta University,https://twitter.com/udconfession/,https://twitter.com/hannahdoc4/,https://twitter.com/profconfession/,https://twitter.com/confessions_ru/,https://twitter.com/iufashiongroup/
Kent State University,https://twitter.com/ksu_confessions/,https://twitter.com/KSU_Confessions/
Mississippi State University,https://twitter.com/HailConfessions/,https://twitter.com/HailstateC/,https://twitter.com/alcornconfess4/,https://twitter.com/hbcufessions/
University of Hartford,https://twitter.com/harttschool/,https://twitter.com/_ip90_/,https://twitter.com/uconnconfession/,https://twitter.com/TSH678/,https://twitter.com/omgconfessional/
Wilkes University,https://mobile.twitter.com/wucomplimentsu/,https://mobile.twitter.com/kuikenamy/,https://mobile.twitter.com/arkansasconfess/,https://mobile.twitter.com/wilkesuwriting/,https://mobile.twitter.com/aly_svn/
Clarke University,https://twitter.com/coilegecfession/,https://twitter.com/buconfession_/,https://twitter.com/asuconfessions/,https://twitter.com/i/
Flordia International University,https://twitter.com/coachjcrawford/,https://twitter.com/fauconfessions/,https://twitter.com/almore66/,https://twitter.com/hashtag/,https://twitter.com/fiusga/
Gannon University ,https://twitter.com/confessionssru/,https://twitter.com/ksu_confessions/,https://twitter.com/mizzoufessions/,https://twitter.com/taylormahle/
Hampton University,https://twitter.com/huconfessionss/,https://twitter.com/hbcufessions/
Lipscomb University,https://twitter.com/tisltweets/,https://twitter.com/mtsuconfess/,https://twitter.com/hashtag/,https://twitter.com/leadingedge_lu/,https://twitter.com/bigbluefessions/
Sacred Heart University,https://twitter.com/wpu_confessions/,https://twitter.com/maris_dancer/,https://twitter.com/confess_msu/,https://twitter.com/uconnconfession/,https://twitter.com/convivioct/
Texas Tech University,
University of Massachusetts Dartmouth,https://twitter.com/akgbenz/,https://twitter.com/hashtag/,https://twitter.com/umdconfessions/,https://twitter.com/umassdreveal/,https://twitter.com/eblake315/
University of New Mexico,https://twitter.com/unmconfessions/,https://twitter.com/unm_missdconctn/,https://twitter.com/unmloboconfess/
Western New England University,https://twitter.com/purdueconfesion/,https://twitter.com/hbcufessions/,https://twitter.com/coilegecfession/,https://twitter.com/_unisecrets/,https://twitter.com/wmuconfessions/
Azusa Pacific University,https://twitter.com/apu_confessions?lang=fa/,https://twitter.com/CaliFessions/,https://twitter.com/apuconfessions/,https://twitter.com/M_Rothaus_Moser/,https://twitter.com/csun_confession/
CUNY city College ,https://twitter.com/ConfessionsCuny/,https://twitter.com/cunyconfessions/,https://twitter.com/citycollegeny/,https://twitter.com/MarcALevin/,https://twitter.com/cuny/
East Carolina University,https://twitter.com/ecu_confessions/,https://twitter.com/ECU_Confessions/
Grand Valley State University,
